X,Y,vel,acc
0,0,20,0
-0.63417408906389,-0.750677940435708,20,0
-1.26834830106236,-1.5013558100909,20,0
-1.90252263308503,-2.25203364063054,20,0
-2.53669708804227,-3.00271141063422,20,0
-3.17087166605052,-3.75338912010193,20,0
-3.79974882502574,-4.51121733058244,20,0
-4.42349740606733,-5.27596813067794,20,0
-5.04724610806443,-6.04071887023747,20,0
-5.67099493509159,-6.80546957068145,20,0
-6.29474388307426,-7.57022021058947,20,0
-6.91832107398659,-8.33519496023655,20,0
-7.5314562569838,-9.1137884799391,20,0
-8.14459156303201,-9.89238194003701,20,0
-8.7577269920148,-10.6709753498435,20,0
-9.37086254404858,-11.4495687102899,20,0
-9.98399822006468,-12.2281620204449,20,0
-10.5914724200265,-13.0138901406899,20,0
-11.1938097570091,-13.806091950275,20,0
-11.796147215995,-14.5982937002555,20,0
-12.3984847969841,-15.390495410189,20,0
-13.000822502072,-16.182697060518,20,0
-13.6028047209838,-16.9753316901624,20,0
-14.1941627610941,-17.7809033701196,20,0
-14.7855209260015,-18.58647501003,20,0
-15.3768792140763,-19.3920465903357,20,0
-15.9682376260171,-20.1976181203499,20,0
-16.5595961610088,-21.0031896103173,20,0
-17.144924132037,-21.8158563198522,20,0
-17.7251249820692,-22.6345553305,20,0
-18.3053259580629,-23.4532543001696,20,0
-18.8855270540807,-24.2719532204792,20,0
-19.4657282750122,-25.0906520904973,20,0
-20.0453790690517,-25.9099767003208,20,0
-20.6142479430418,-26.7415566500276,20,0
-21.183116942062,-27.5731365503743,20,0
-21.7519860630855,-28.4047164106742,20,0
-22.3208553070435,-29.2362962206826,20,0
-22.8897246760316,-30.0678759803995,20,0
-23.4521902280394,-30.9064870104194,20,0
-24.0095559980255,-31.7506975298747,20,0
-24.5669218910625,-32.59490799997,20,0
-25.1242879070342,-33.4391184300184,20,0
-25.6816540450091,-34.2833288107067,20,0
-26.2382642780431,-35.1283408505842,20,0
-26.7839590309886,-35.9849278498441,20,0
-27.3296539050061,-36.8415148099884,20,0
-27.8753489020746,-37.6981017300859,20,0
-28.42104402103,-38.5546886101365,20,0
-28.9667392630363,-39.4112754398957,20,0
-29.5056541700615,-40.2748047802597,20,0
-30.0395137490705,-41.1435103705153,20,0
-30.5733734479872,-42.0122159300372,20,0
-31.1072332710028,-42.880921440199,20,0
-31.6410932140425,-43.749626910314,20,0
-32.1739819300128,-44.6192924203351,20,0
-32.6958454960259,-45.4998551504687,20,0
-33.2177091840422,-46.3804178498685,20,0
-33.739572993014,-47.2609804999083,20,0
-34.2614369239891,-48.1415431099012,20,0
-34.7833009740571,-49.0221056900919,20,0
-35.2980058060493,-49.909496829845,20,0
-35.807716374984,-50.8016515905038,20,0
-36.3174270649906,-51.6938063101843,20,0
-36.8271378750214,-52.5859610000625,20,0
-37.3368488050764,-53.4781156405807,20,0
-37.8453640610678,-54.3713704906404,20,0
-38.3427680640016,-55.2748487601057,20,0
-38.8401721860282,-56.1783270006999,20,0
-39.3375764270313,-57.0818051900715,20,0
-39.8349807870109,-57.985283350572,20,0
-40.3323852660833,-58.8887614803389,20,0
-40.8222502070712,-59.7989287301898,20,0
-41.3071980160894,-60.7134584998712,20,0
-41.7921459430363,-61.6279882406816,20,0
-42.2770939890761,-62.5425179507583,20,0
-42.7620421530446,-63.4570476198569,20,0
-43.2455618180102,-64.3727988302708,20,0
-43.7179073190782,-65.2981048505753,20,0
-44.1902529370273,-66.2234108401462,20,0
-44.6625986740692,-67.1487167999148,20,0
-45.1349445250817,-68.0740227205679,20,0
-45.6072904940229,-68.9993286104873,20,0
-46.0717161000939,-69.9311584103853,20,0
-46.5313172059832,-70.8669621003792,20,0
-46.990918428055,-71.802765769884,20,0
-47.4505197640974,-72.7385694105178,20,0
-47.9101212150417,-73.6743730101734,20,0
-48.3680537310429,-74.6115000899881,20,0
-48.8147719580447,-75.5575198000297,20,0
-49.2614902980858,-76.503539480269,20,0
-49.7082087510498,-77.4495591204613,20,0
-50.1549273179844,-78.3955787401646,20,0
-50.601645999006,-79.3415983300656,20,0
-51.0400639460422,-80.2939506005496,20,0
-51.4737649130402,-81.2499015200883,20,0
-51.9074659940088,-82.2058524005115,20,0
-52.3411671860376,-83.1618032604456,20,0
-52.774868490058,-84.1177540803328,20,0
-53.2066535929916,-85.0751103805378,20,0
-53.6272066159872,-86.0407047607005,20,0
-54.0477597520221,-87.006299120374,20,0
-54.4683129950427,-87.9718934502453,20,0
-54.8888663480757,-88.9374877503142,20,0
-55.3094198129838,-89.903082029894,20,0
-55.7212935800199,-90.8747916100547,20,0
-56.1285721510649,-91.8497387701646,20,0
-56.5358508310746,-92.8246859004721,20,0
-56.9431296190014,-93.7996330102906,20,0
-57.350408515078,-94.7745801005513,20,0
-57.7555179260671,-95.750994220376,20,0
-58.1493993160548,-96.7350007006899,20,0
-58.5432808110491,-97.7190071502701,20,0
-58.9371624140767,-98.7030135802925,20,0
-59.3310441219946,-99.6870199907571,20,0
-59.7249259339878,-100.671026370488,20,0
-60.1097514680587,-101.660904400051,20,0
-60.4901171909878,-102.653673959896,20,0
-60.8704830179922,-103.646443510428,20,0
-61.250848949072,-104.639213030227,20,0
-61.6312149830628,-105.631982520223,20,0
-62.0091530480422,-106.62625976,20,0
-62.3758884770796,-107.627493590117,20,0
-62.7426240080968,-108.628727390431,20,0
-63.1093596420251,-109.629961170256,20,0
-63.4760953760706,-110.631194939837,20,0
-63.8428312100004,-111.632428680547,20,0
-64.2001375360414,-112.63926404994,20,0
-64.553132354049,-113.648660720326,20,0
-64.9061272700783,-114.658057370223,20,0
-65.2591222850606,-115.667454000562,20,0
-65.6121173989959,-116.676850600168,20,0
-65.9624217000092,-117.687774410471,20,0
-66.3015695210779,-118.705030079931,20,0
-66.6407174390042,-119.722285740078,20,0
-66.9798654530896,-120.739541380666,20,0
-67.3190135640325,-121.756796999834,20,0
-67.6581617700867,-122.774052600376,20,0
-67.9875115740579,-123.796613490209,20,0
-68.3127103780862,-124.821421930566,20,0
-68.6379092740826,-125.846230360679,20,0
-68.9631082660053,-126.871038770303,20,0
-69.2883073510602,-127.895847160369,20,0
-69.6105492690112,-128.922180610709,20,0
-69.9217010410503,-129.954233350232,20,0
-70.2328529050574,-130.986286070198,20,0
-70.5440048610326,-132.018338770606,20,0
-70.8551569060655,-133.050391459838,20,0
-71.1663090430666,-134.082444130443,20,0
-71.4672992019914,-135.119479450397,20,0
-71.7643103450537,-136.158465790562,20,0
-72.0613215740304,-137.197452110238,20,0
-72.3583328910172,-138.236438410357,20,0
-72.6553442970617,-139.27542470023,20,0
-72.9491295380285,-140.315912030637,20,0
-73.231910526054,-141.361519220285,20,0
-73.5146915970836,-142.407126390375,20,0
-73.7974727550754,-143.452733560465,20,0
-74.0802539980505,-144.498340710066,20,0
-74.3630353229819,-145.543947840109,20,0
-74.6352974030888,-146.594188789837,20,0
-74.9037631700048,-147.646102060564,20,0
-75.1722290160833,-148.698015320115,20,0
-75.4406949430704,-149.749928570353,20,0
-75.709160953993,-150.801841800101,20,0
-75.9741300330497,-151.855209910311,20,0
-76.2281996500678,-152.913112619892,20,0
-76.4822693440365,-153.971015330404,20,0
-76.7363391179824,-155.028918010183,20,0
-76.9904089700431,-156.086820689961,20,0
-77.2444788999856,-157.144723350182,20,0
-77.487679605023,-158.206884980202,20,0
-77.7272766410606,-159.270458660088,20,0
-77.966873753001,-160.334032339975,20,0
-78.2064709389815,-161.397606000304,20,0
-78.4460682000499,-162.461179650389,20,0
-78.6818966360297,-163.526139779948,20,0
-78.9069479199825,-164.595064620487,20,0
-79.1319992740173,-165.663989440538,20,0
-79.3570507020922,-166.732914250344,20,0
-79.5821022000164,-167.80183906015,20,0
-79.8071537710493,-168.870763850398,20,0
-80.049250585027,-169.933310380206,20,0
-80.2965203680797,-170.993921230547,20,0
-80.5437902270351,-172.0545320604,20,0
-80.7910601620097,-173.115142880008,20,0
-81.0383301749826,-174.175753680058,20,0
-81.2856002650224,-175.236364480108,20,0
-81.5328704310814,-176.2969752606,20,0
-81.7801406750223,-177.357586040162,20,0
-82.027410994051,-178.418196800165,20,0
-82.2746813920094,-179.478807549924,20,0
-82.5219518650556,-180.539418290369,20,0
-82.7692224140046,-181.600029010326,20,0
-83.0164930419996,-182.660639730282,20,0
-83.2637637450825,-183.721250430681,20,0
-83.511034527095,-184.781861119904,20,0
-83.758305384079,-185.842471800745,20,0
-84.0055763190612,-186.90308247041,20,0
-84.2528473290149,-187.963693120517,20,0
-84.4975522150053,-189.025281909853,20,0
-84.7310789680341,-190.091131370515,20,0
-84.9646057940554,-191.156980830245,20,0
-85.1981326940004,-192.222830280662,20,0
-85.4316596660065,-193.288679710589,20,0
-85.665186712984,-194.354529140517,20,0
-85.8987138320226,-195.4203785602,20,0
-86.1322410270805,-196.486227960326,20,0
-86.365768294083,-197.552077350207,20,0
-86.5992956340779,-198.617926740088,20,0
-86.8328230490442,-199.683776110411,20,0
-87.0663505380508,-200.749625470489,20,0
-87.2998780990019,-201.815474820323,20,0
-87.533405735041,-202.881324159913,20,0
-87.7669334420934,-203.947173490189,20,0
-88.0004612260964,-205.013022810221,20,0
-88.2339890809963,-206.078872120008,20,0
-88.4675170120318,-207.144721410237,20,0
-88.7010450150119,-208.210570700467,20,0
-88.9262023840565,-209.279421340674,20,0
-89.1459229760803,-210.350221380591,20,0
-89.365643637022,-211.421021420509,20,0
-89.5853643700248,-212.491821450181,20,0
-89.8050851720618,-213.562621460296,20,0
-90.0248060440645,-214.633421470411,20,0
-90.2445269880118,-215.704221460037,20,0
-90.4642480009934,-216.775021450594,20,0
-90.6839690849884,-217.845821420662,20,0
-90.9036902390653,-218.91662139073,20,0
-91.1234114640392,-219.987421350554,20,0
-91.3431327580474,-221.058221289888,20,0
-91.5628541240003,-222.129021230154,20,0
-91.7825755589874,-223.199821160175,20,0
-92.0022970660357,-224.270621070638,20,0
-92.2220186410705,-225.34142098017,20,0
-92.4417402870022,-226.412220880389,20,0
-92.661462004995,-227.483020760119,20,0
-92.8808263930259,-228.553940780461,20,0
-93.0866812790046,-229.629402030259,20,0
-93.2925362320384,-230.704863280058,20,0
-93.4983912520111,-231.780324510299,20,0
-93.7042463390389,-232.855785740539,20,0
-93.9101014930056,-233.931246950291,20,0
-94.1159567140276,-235.006708160043,20,0
-94.321812003036,-236.082169360481,20,0
-94.527667358052,-237.157630550675,20,0
-94.7335227800068,-238.233091730624,20,0
-94.9393782700645,-239.308552900329,20,0
-95.1452338260133,-240.384014060721,20,0
-95.3510894490173,-241.459475220181,20,0
-95.5569451390766,-242.534936360084,20,0
-95.7628008960746,-243.610397499986,20,0
-95.9686567210592,-244.685858620331,20,0
-96.1745126120513,-245.761319740675,20,0
-96.3803685699822,-246.836780849844,20,0
-96.5862245950848,-247.912241950631,20,0
-96.7858808530727,-248.989649350755,20,0
-96.9778143740259,-250.069481160492,20,0
-97.1697479560971,-251.149312959984,20,0
-97.3616816030117,-252.229144760408,20,0
-97.553615312092,-253.308976550587,20,0
-97.7455490850844,-254.388808320276,20,0
-97.9374829219887,-255.468640089966,20,0
-98.1294168219902,-256.548471860588,20,0
-98.3213507870678,-257.62830361072,20,0
-98.5132848140784,-258.708135359921,20,0
-98.7052189060487,-259.787967090495,20,0
-98.8971530600684,-260.867798820138,20,0
-99.0890872790478,-261.947630540468,20,0
-99.281021561008,-263.027462259866,20,0
-99.4729559060652,-264.107293960638,20,0
-99.6648903150344,-265.187125660479,20,0
-99.8568247890798,-266.266957350075,20,0
-100.048759325058,-267.346789030358,20,0
-100.240693925065,-268.426620700397,20,0
-100.420542867039,-269.509979950264,20,0
-100.598503046087,-270.593890500255,20,0
-100.77646328602,-271.677801040001,20,0
-100.954423587071,-272.761711570434,20,0
-101.132383947028,-273.845622099936,20,0
-101.310344366007,-274.929532620125,20,0
-101.488304847036,-276.013443130068,20,0
-101.666265388019,-277.097353630699,20,0
-101.844225988025,-278.181264130399,20,0
-102.022186649032,-279.265174619854,20,0
-102.200147371041,-280.349085099995,20,0
-102.378108152072,-281.432995580137,20,0
-102.556068992009,-282.516906050034,20,0
-102.734029893996,-283.600816510618,20,0
-102.911990855006,-284.684726960026,20,0
-103.089951877017,-285.768637410365,20,0
-103.26791295805,-286.852547840215,20,0
-103.445874099038,-287.93645828031,20,0
-103.619847663096,-289.021445310675,20,0
-103.783786250046,-290.109141680412,20,0
-103.947724892991,-291.196838039905,20,0
-104.111663594027,-292.284534400329,20,0
-104.275602350011,-293.372230750509,20,0
-104.439541163039,-294.459927090444,20,0
-104.603480032994,-295.547623430379,20,0
-104.767418958014,-296.635319760069,20,0
-104.931357941008,-297.723016080447,20,0
-105.095296979998,-298.810712390579,20,0
-105.259236076032,-299.898408700712,20,0
-105.423175228992,-300.9861050006,20,0
-105.587114438065,-302.073801300488,20,0
-105.751053704065,-303.161497590132,20,0
-105.914993026061,-304.249193870462,20,0
-106.078932404984,-305.336890149862,20,0
-106.242871841067,-306.424586419947,20,0
-106.406811332097,-307.51228268072,20,0
-106.570750880986,-308.599978940561,20,0
-106.724788670079,-309.690133210272,20,0
-106.874661314068,-310.781321439892,20,0
-107.024534012075,-311.872509660199,20,0
-107.174406762002,-312.963697890751,20,0
-107.324279566063,-314.054886099882,20,0
-107.474152422044,-315.146074309945,20,0
-107.624025332043,-316.237262510695,20,0
-107.773898294079,-317.328450710513,20,0
-107.923771310016,-318.419638900086,20,0
-108.07364437799,-319.510827090591,20,0
-108.223517500097,-320.60201526992,20,0
-108.373390673078,-321.693203439936,20,0
-108.523263900075,-322.784391600639,20,0
-108.673137182021,-323.875579770654,20,0
-108.823010514025,-324.966767920181,20,0
-108.972883900045,-326.057956070639,20,0
-109.122757340083,-327.149144209921,20,0
-109.272630830994,-328.240332350135,20,0
-109.41282536299,-329.333244100213,20,0
-109.484285477083,-330.438396019861,20,0
-109.555745622027,-331.543547919951,20,0
-109.627205800032,-332.648699830286,20,0
-109.698666009004,-333.753851720132,20,0
-109.755850707996,-334.860551100224,20,0
-109.812400198076,-335.967319330201,20,0
-109.868949717027,-337.074087549932,20,0
-109.925499264034,-338.180855779909,20,0
-109.97023582703,-339.288644390181,20,0
-110.011857936042,-340.396702030674,20,0
-110.053480067058,-341.504759670235,20,0
-110.095102222986,-342.612817300484,20,0
-110.127382228035,-343.721476570703,20,0
-110.154064635048,-344.830496310256,20,0
-110.180747062084,-345.939516060054,20,0
-110.207429508097,-347.048535809852,20,0
-110.22724675003,-348.157846980728,20,0
-110.238981550094,-349.267501260154,20,0
-110.250716364011,-350.377155540511,20,0
-110.262451196089,-351.486809819937,20,0
-110.269801683025,-352.596554050222,20,0
-110.266585385078,-353.70651509054,20,0
-110.263369099004,-354.816476129927,20,0
-110.26015282399,-355.926437170245,20,0
-110.255034781061,-357.036395519972,20,0
-110.236868310021,-358.146335460246,20,0
-110.218701846083,-359.256275400519,20,0
-110.200535390992,-360.366215339862,20,0
-110.182368943002,-361.476155269891,20,0
-110.149837956997,-362.585759810172,20,0
-110.116726660053,-363.695350800641,20,0
-110.083615365089,-364.804941779934,20,0
-110.050504073035,-365.914532770403,20,0
-110.005517425016,-367.023585679941,20,0
-109.957471047062,-368.132499960251,20,0
-109.909424668062,-369.241414240561,20,0
-109.861378289992,-370.35032851994,20,0
-109.803945265012,-371.458611030132,20,0
-109.740977974026,-372.566521060653,20,0
-109.678010678035,-373.674431079999,20,0
-109.615043380065,-374.782341100276,20,0
-109.545175476,-375.889634559862,20,0
-109.467305849073,-376.996213070117,20,0
-109.389436212019,-378.102791590616,20,0
-109.311566565069,-379.209370099939,20,0
-109.229277490987,-380.315456040204,20,0
-109.136528503033,-381.420376180671,20,0
-109.043779502041,-382.525296320207,20,0
-108.951030486031,-383.63021645043,20,0
-108.856336160097,-384.734876620583,20,0
-108.748735183035,-385.837812010199,20,0
-108.641134188045,-386.940747400746,20,0
-108.53353317501,-388.043682790361,20,0
-108.425932145095,-389.146618170664,20,0
-108.304030510015,-390.24732404016,20,0
-108.181609282037,-391.347948890179,20,0
-108.059188031009,-392.448573740199,20,0
-107.936766758095,-393.549198590219,20,0
-107.802534469054,-394.64771782048,20,0
-107.665329141077,-395.745707030408,20,0
-107.528123789001,-396.843696240336,20,0
-107.390918410034,-397.941685450263,20,0
-107.244382361067,-399.037801410072,20,0
-107.092433440033,-400.132830650546,20,0
-106.940484489081,-401.227859900333,20,0
-106.788535508094,-402.322889139876,20,0
-106.629724783008,-403.416385590099,20,0
-106.463077126071,-404.50813142024,20,0
-106.296429435024,-405.599877240136,20,0
-106.129781713011,-406.691623060033,20,0
-105.958727571997,-407.782284270041,20,0
-105.777430379996,-408.870424190536,20,0
-105.596133152023,-409.9585641101,20,0
-105.414835884003,-411.046704030596,20,0
-105.231571768993,-412.134314729832,20,0
-105.035678573069,-413.21852734033,20,0
-104.839785335003,-414.302739930339,20,0
-104.643892054097,-415.386952530593,20,0
-104.447998733027,-416.471165120602,20,0
-104.238022215082,-417.551263039932,20,0
-104.027590807062,-418.631228060462,20,0
-103.817159353057,-419.711193070747,20,0
-103.606727855047,-420.791158080101,20,0
-103.384676901042,-421.867457610555,20,0
-103.159769457066,-422.942856050096,20,0
-102.934861965012,-424.018254480325,20,0
-102.709954422084,-425.093652900308,20,0
-102.475873253075,-426.165941840038,20,0
-102.23655618506,-427.236456040293,20,0
-101.997239064076,-428.306970230304,20,0
-101.757921890006,-429.37748441007,20,0
-101.511856861063,-430.445551260375,20,0
-101.258200836019,-431.510865000077,20,0
-101.004544754047,-432.57617874071,20,0
-100.750888617011,-433.641492459923,20,0
-100.492888212088,-434.705126500689,20,0
-100.224968133029,-435.764925110154,20,0
-99.9570479950635,-436.824723710306,20,0
-99.6891277960967,-437.884522300214,20,0
-99.4192426250083,-438.943513549864,20,0
-99.1371376099996,-439.997483979911,20,0
-98.855032533058,-441.051454400644,20,0
-98.5729273910401,-442.105424810201,20,0
-98.2908221849939,-443.15939522069,20,0
-97.9950048200553,-444.207395640202,20,0
-97.6987994280644,-445.255227140151,20,0
-97.4025939680869,-446.3030586401,20,0
-97.1063884430332,-447.350890120491,20,0
-96.7254518329864,-448.352504590526,20,0
-96.3241764830891,-449.343025210314,20,0
-95.9229010440176,-450.333545810543,20,0
-95.521625510999,-451.324066400528,20,0
-95.1074380420614,-452.306028280407,20,0
-94.693085771054,-453.287880950607,20,0
-94.2787334080786,-454.269733610563,20,0
-93.8621993010165,-455.250078869984,20,0
-93.4348901800113,-456.222979300655,20,0
-93.0075809630798,-457.195879700594,20,0
-92.580271649058,-458.168780080043,20,0
-92.1484789740061,-459.138454480097,20,0
-91.7083366360748,-460.102120890282,20,0
-91.2681941990741,-461.065787270665,20,0
-90.8280516649829,-462.029453630559,20,0
-90.3811709060101,-462.988074880093,20,0
-89.92832279508,-463.942228190601,20,0
-89.4754745829851,-464.896381489933,20,0
-89.0226262710057,-465.850534750149,20,0
-88.560833623982,-466.797724730335,20,0
-88.095410863054,-467.742088640109,20,0
-87.6299880000297,-468.68645252008,20,0
-87.1645650350256,-469.630816380493,20,0
-86.6880423350958,-470.566201279871,20,0
-86.2101796920178,-471.500502310693,20,0
-85.7323169450974,-472.43480330985,20,0
-85.2535528070293,-473.368347169831,20,0
-84.7633887570118,-474.292314760387,20,0
-84.2732246010564,-475.216282340698,20,0
-83.7830603370676,-476.140249880031,20,0
-83.2898045510519,-477.061522160657,20,0
-82.7874809210189,-477.974888729863,20,0
-82.2851571840001,-478.888255270198,20,0
-81.7828333380166,-479.801621790044,20,0
-81.2752807430224,-480.710259390064,20,0
-80.760942989029,-481.612760430202,20,0
-80.2466051240917,-482.515261440538,20,0
-79.7322671500733,-483.417762430385,20,0
-79.2106179960538,-484.313407050446,20,0
-78.6844150520628,-485.204781200737,20,0
-78.1582119950326,-486.096155320294,20,0
-77.6320088260109,-486.987529410049,20,0
-77.0964686980005,-487.86982768029,20,0
-76.5585529319942,-488.749816800468,20,0
-76.0206370550441,-489.629805900157,20,0
-75.4827210640069,-490.509794950485,20,0
-74.933500802028,-491.378398510627,20,0
-74.3840279820142,-492.246747770347,20,0
-73.8345550460508,-493.115097000264,20,0
-73.2832682790468,-493.981553900056,20,0
-72.7223976290552,-494.838011870161,20,0
-72.1615268620662,-495.694469789974,20,0
-71.6006559809903,-496.550927679986,20,0
-71.0359638200607,-497.403256860562,20,0
-70.4638576360885,-498.247575460002,20,0
-69.8917513380293,-499.091894020326,20,0
-69.3196449240204,-499.936212549917,20,0
-68.7417702630628,-500.774078030139,20,0
-68.1585942159873,-501.606012760662,20,0
-67.5754180530785,-502.43794746045,20,0
-66.9922417720081,-503.269882109948,20,0
-66.4014124970417,-504.09295341,20,0
-65.8073354600929,-504.912263340317,20,0
-65.2132583049824,-505.7315732399,20,0
-64.619181031012,-506.550883100368,20,0
-64.0156299280934,-507.358835310675,20,0
-63.410823932034,-508.165283179842,20,0
-62.8060178180458,-508.971731020138,20,0
-62.2005359580507,-509.77734044008,20,0
-61.5851762590464,-510.570692750625,20,0
-60.9698164430447,-511.364045020193,20,0
-60.3544565070188,-512.1573972404,20,0
-59.7365545670036,-512.947484790348,20,0
-59.1108192440588,-513.727511750534,20,0
-58.4850838030688,-514.507538660429,20,0
-57.859348242986,-515.287565520033,20,0
-57.2292701980332,-516.061819930561,20,0
-56.5933404529933,-516.828295640647,20,0
-55.9574105880456,-517.594771300443,20,0
-55.3214806050528,-518.361246909946,20,0
-54.6794750370318,-519.119362910278,20,0
-54.0335350240348,-519.872065400705,20,0
-53.3875948910136,-520.624767839909,20,0
-52.7416546400636,-521.377470230684,20,0
-52.0879746429855,-522.119148650207,20,0
-51.4322114150273,-522.857859940268,20,0
-50.7764480680926,-523.596571180038,20,0
-50.120684602065,-524.335282370448,20,0
-49.4555876940722,-525.060230260715,20,0
-48.7901911510853,-525.784736430273,20,0
-48.1247944900533,-526.509242540225,20,0
-47.4579827780835,-527.231588060036,20,0
-46.7831457300345,-527.941679330543,20,0
-46.1083085640566,-528.651770560071,20,0
-45.4334712800337,-529.361861729994,20,0
-44.7555751500186,-530.067115530372,20,0
-44.0714929010719,-530.762586220168,20,0
-43.3874105350114,-531.458056860603,20,0
-42.7033280510223,-532.153527450748,20,0
-42.014615032007,-532.841411620379,20,0
-41.3214856870472,-533.522060330026,20,0
-40.6283562240424,-534.202708980069,20,0
-39.9352266450878,-534.883357580751,20,0
-39.2359683579998,-535.553600800224,20,0
-38.5339926390443,-536.219230410643,20,0
-37.8320168040227,-536.884859950282,20,0
-37.1300408530515,-537.550489449874,20,0
-36.4205129130278,-538.202827050351,20,0
-35.7098941080039,-538.853244789876,20,0
-34.9992751859827,-539.503662470728,20,0
-34.2881940529915,-540.153236609884,20,0
-33.5691380630014,-540.788254190236,20,0
-32.8500819610199,-541.423271710053,20,0
-32.1310257420409,-542.058289160021,20,0
-31.4100295270327,-542.689632680267,20,0
-30.6827444729861,-543.309066129848,20,0
-29.9554593079956,-543.928499520756,20,0
-29.2281740279868,-544.547932839952,20,0
-28.4975473280065,-545.160797140561,20,0
-27.7622438280378,-545.764467080124,20,0
-27.0269402160775,-546.368136960082,20,0
-26.291636493057,-546.971806770191,20,0
-25.5516675449908,-547.565950280055,20,0
-24.8085585390218,-548.153681879863,20,0
-24.0654494260671,-548.741413420066,20,0
-23.3223402000731,-549.329144900665,20,0
-22.5733207800658,-549.904333100654,20,0
-21.8226214710157,-550.475956160575,20,0
-21.0719220520696,-551.04757915996,20,0
-20.3212225260213,-551.619202090427,20,0
-19.5634478370193,-552.175207660534,20,0
-18.8053756260779,-552.730556639843,20,0
-18.0473033060553,-553.285905550234,20,0
-17.2882249210961,-553.838943100534,20,0
-16.5229994460242,-554.377857239917,20,0
-15.7577738660621,-554.916771320626,20,0
-14.9925481820246,-555.45568532031,20,0
-14.2250931829913,-555.98926346004,20,0
-13.4529359480366,-556.511586630717,20,0
-12.6807786100544,-557.033909720369,20,0
-11.9086211700924,-557.556232740171,20,0
-11.1330923850182,-558.070141340606,20,0
-10.3542270080652,-558.575722260401,20,0
-9.575361530995,-559.081303100102,20,0
-8.79649595008232,-559.586883880198,20,0
-8.01319925999269,-560.080920230597,20,0
-7.22785129898693,-560.569612490013,20,0
-6.44250324100722,-561.058304680511,20,0
-5.6571550850058,-561.546996789984,20,0
-4.86677091103047,-562.021998859942,20,0
-4.07559762708843,-562.494855940342,20,0
-3.28442424605601,-562.967712949961,20,0
-2.49325077002868,-563.440569890663,20,0
-1.70207719807513,-563.91342675034,20,0
-0.909825633047149,-564.383220740594,20,0
-0.112463003024459,-564.838492100127,20,0
0.684899720945396,-565.293763380498,20,0
1.48226254095789,-565.749034579843,20,0
2.27962545200717,-566.204305700026,20,0
3.07698845595587,-566.659576750361,20,0
3.87722832197323,-567.106273130514,20,0
4.6805378459394,-567.543820190243,20,0
5.48384746001102,-567.981367169879,20,0
6.28715716395527,-568.418914080598,20,0
7.09046695998404,-568.856460900046,20,0
7.89377684600186,-569.294007650577,20,0
8.70161083794665,-569.717386459932,20,0
9.5106228919467,-570.137076130137,20,0
10.3196350339567,-570.556765720248,20,0
11.1286472639767,-570.976455230266,20,0
11.9376595829381,-571.39614466019,20,0
12.747234120965,-571.813981030136,20,0
13.5617025259417,-572.215685720555,20,0
14.3761710139224,-572.617390340194,20,0
15.1906395889819,-573.019094870426,20,0
16.005108246929,-573.420799320564,20,0
16.8195769930026,-573.822503690608,20,0
17.6361949919956,-574.216736170463,20,0
18.4558720759815,-574.60033361055,20,0
19.2755492429715,-574.983930979855,20,0
20.0952264919179,-575.367528260686,20,0
20.914903822937,-575.751125460491,20,0
21.7345812380081,-576.134722580202,20,0
22.5578403850086,-576.505157280713,20,0
23.3824768069899,-576.870530790649,20,0
24.2071133089485,-577.235904220492,20,0
25.0317498919321,-577.601277559996,20,0
25.856386550935,-577.966650820337,20,0
26.681173461955,-578.331439190544,20,0
27.5105182959232,-578.678477710113,20,0
28.3398632059107,-579.025516140275,20,0
29.169208192965,-579.372554490343,20,0
29.9985532549908,-579.719592750072,20,0
30.8278983929195,-580.066630939953,20,0
31.6587653280003,-580.407371390611,20,0
32.4925663679605,-580.73596927058,20,0
33.3263674809132,-581.06456706021,20,0
34.1601686669746,-581.393164760433,20,0
34.9939699259121,-581.721762380563,20,0
35.8277712559793,-582.050359910354,20,0
36.6643088359851,-582.366885180585,20,0
37.5023124399595,-582.676942460239,20,0
38.3403161149472,-582.986999650486,20,0
39.1783198600169,-583.297056750394,20,0
40.0163236729568,-583.607113770209,20,0
40.8543275549309,-583.917170700617,20,0
41.6961238549557,-584.209324340336,20,0
42.5380751049379,-584.500746699981,20,0
43.3800264229067,-584.792168980464,20,0
44.2219778049039,-585.083591160364,20,0
45.0639292519772,-585.375013270415,20,0
45.9068787869765,-585.661372890696,20,0
46.7525214980124,-585.934071780182,20,0
47.598164274008,-586.206770580262,20,0
48.4438071099576,-586.479469290003,20,0
49.2894500079565,-586.752167910337,20,0
50.1350929709151,-587.024866440333,20,0
50.9827276769793,-587.286657339893,20,0
51.8318046729546,-587.540549710393,20,0
52.6808817249257,-587.794441990554,20,0
53.5299588380149,-588.048334190622,20,0
54.3790360079147,-588.302226290107,20,0
55.2281132380012,-588.556118310429,20,0
56.0800156620098,-588.793211240321,20,0
56.9322686470114,-589.028219870292,20,0
57.78452168894,-589.26322840061,20,0
58.6367747859331,-589.498236849904,20,0
59.4890279369429,-589.733245210722,20,0
60.3418622319587,-589.964476800524,20,0
61.1970319029642,-590.180530279875,20,0
62.0522016249597,-590.39658367075,20,0
62.9073713989928,-590.612636970356,20,0
63.7625412240159,-590.828690189868,20,0
64.6177110979334,-591.044743300416,20,0
65.4742327289423,-591.251117430627,20,0
66.3320589949144,-591.448149960488,20,0
67.189885306987,-591.645182400011,20,0
68.0477116669063,-591.842214739881,20,0
68.9055380749051,-592.039246990345,20,0
69.7633645299356,-592.236279150471,20,0
70.6231516120024,-592.417694140226,20,0
71.4833735189168,-592.595645770431,20,0
72.3435954679735,-592.773597320542,20,0
73.2038174619665,-592.95154877007,20,0
74.0640394989168,-593.129500130191,20,0
74.9245349329431,-593.30500004068,20,0
75.7868907579686,-593.46381674055,20,0
76.6492466239724,-593.622633360326,20,0
77.5116025279276,-593.781449880451,20,0
78.3739584719297,-593.940266299993,20,0
79.2363144559786,-594.099082640372,20,0
80.0994896519696,-594.24950193055,20,0
80.9637171089416,-594.389135300182,20,0
81.8279446009547,-594.528768570162,20,0
82.6921721280087,-594.668401760049,20,0
83.5563996899873,-594.808034850284,20,0
84.4206272879383,-594.947667850181,20,0
85.2860570579069,-595.07293266058,20,0
86.1518932429608,-595.193340220489,20,0
87.0177294589812,-595.313747690059,20,0
87.8835657070158,-595.434155059978,20,0
88.7494019869482,-595.554562340491,20,0
89.615314940922,-595.673872040585,20,0
90.4824964359868,-595.775017260574,20,0
91.3496779579436,-595.87616237998,20,0
92.2168595079565,-595.977307409979,20,0
93.0840410849778,-596.078452350572,20,0
93.9512226899387,-596.179597190581,20,0
94.8188007539138,-596.273669280112,20,0
95.6870637889952,-596.355521290563,20,0
96.5553268479416,-596.437373210676,20,0
97.4235899299383,-596.519225040451,20,0
98.2918530339375,-596.601076770574,20,0
99.1601161640137,-596.682928400114,20,0
100.028931971989,-596.751717030071,20,0
100.898012417951,-596.814250940457,20,0
101.767092883005,-596.87678475026,20,0
102.636173365987,-596.939318470657,20,0
103.505253868992,-597.001852090471,20,0
104.374334390974,-597.064385619946,20,0
105.243960025953,-597.107856269926,20,0
106.11359350197,-597.151053050533,20,0
106.983226993005,-597.194249730557,20,0
107.852860499988,-597.237446320243,20,0
108.722494020942,-597.280642820522,20,0
109.59221276897,-597.318122089841,20,0
110.462134719943,-597.341968690045,20,0
111.332056678948,-597.365815199912,20,0
112.201978649944,-597.389661620371,20,0
113.071900632,-597.413507940248,20,0
113.941822622903,-597.437354170717,20,0
114.811759021017,-597.449487700127,20,0
115.681704823975,-597.453976780176,20,0
116.551650631009,-597.458465760574,20,0
117.421596445958,-597.462954650633,20,0
118.291542265913,-597.467443450354,20,0
119.16148809297,-597.471932150424,20,0
120.031213641982,-597.45871357061,20,0
120.900918653933,-597.443843769841,20,0
121.770623666001,-597.428973860107,20,0
122.64032868098,-597.41410387028,20,0
123.510033697006,-597.399233770557,20,0
124.379625350004,-597.380021980032,20,0
125.248825000017,-597.345797900111,20,0
126.118024650961,-597.311573720537,20,0
126.987224297947,-597.277349450626,20,0
127.856423944002,-597.243125080131,20,0
128.725623587961,-597.20890062023,20,0
129.594412217964,-597.164347670041,20,0
130.462842097972,-597.11077963002,20,0
131.331271970994,-597.057211490348,20,0
132.199701837963,-597.003643260337,20,0
133.068131698994,-596.950074939989,20,0
133.936561552924,-596.896506519988,20,0
134.804119221983,-596.826634219848,20,0
135.671515146969,-596.753738510422,20,0
136.538911061944,-596.680842710659,20,0
137.406306964927,-596.607946820557,20,0
138.273702858947,-596.535050829873,20,0
139.140899934922,-596.459197370336,20,0
140.006998052006,-596.36699626036,20,0
140.873096155934,-596.274795070291,20,0
141.739194243914,-596.18259378057,20,0
142.605292317923,-596.090392390266,20,0
143.471390377963,-595.998190910555,20,0
144.336765876971,-595.897067710757,20,0
145.201302703936,-595.785589160398,20,0
146.065839512972,-595.674110520631,20,0
146.930376302917,-595.562631780282,20,0
147.794913074002,-595.451152950525,20,0
148.659449825995,-595.339674020186,20,0
149.522577503929,-595.213331039995,20,0
150.385290044011,-595.082608950324,20,0
151.248002561973,-594.951886770316,20,0
152.110715053976,-594.821164499968,20,0
152.973427525954,-594.69044212997,20,0
153.835968752974,-594.558143900707,20,0
154.696594590903,-594.408218130469,20,0
155.557220401941,-594.258292269893,20,0
156.417846184922,-594.10836631991,20,0
157.278471939964,-593.958440270275,20,0
158.139097667998,-593.808514130302,20,0
158.99880356295,-593.651084260084,20,0
159.857080866932,-593.482000320219,20,0
160.715358139016,-593.312916290015,20,0
161.573635380948,-593.143832170405,20,0
162.431912590982,-592.974747950211,20,0
163.290189769934,-592.805663649924,20,0
164.146636919002,-592.623180069961,20,0
165.002304596012,-592.434989389963,20,0
165.857972238911,-592.246798629872,20,0
166.713639845955,-592.05860777013,20,0
167.56930741691,-591.870416820049,20,0
168.42494360893,-591.68201771006,20,0
169.277741400991,-591.474777639844,20,0
170.130539154983,-591.267537469976,20,0
170.983336867997,-591.060297220014,20,0
171.836134542013,-590.853056860156,20,0
172.68893217796,-590.645816420205,20,0
173.540726755979,-590.43249007035,20,0
174.390395201975,-590.206263540313,20,0
175.240063603967,-589.980036919937,20,0
176.089731963933,-589.753810210153,20,0
176.939400278963,-589.527583410032,20,0
177.789068551967,-589.301356510259,20,0
178.636602059007,-589.063208630309,20,0
179.482882685959,-588.818064460531,20,0
180.329163264949,-588.572920200415,20,0
181.175443797954,-588.327775849961,20,0
182.021724281949,-588.0826314101,20,0
182.868004718912,-587.837486870587,20,0
183.710859608953,-587.5746342903,20,0
184.553494974971,-587.310647049919,20,0
185.396130287903,-587.04665972013,20,0
186.23876555101,-586.782672300004,20,0
187.081400759984,-586.51868479047,20,0
187.923063118011,-586.250018710271,20,0
188.761797789019,-585.9672727203,20,0
189.600532404962,-585.68452663999,20,0
190.439266967005,-585.401780480519,20,0
191.278001472936,-585.119034220465,20,0
192.11673592194,-584.836287870072,20,0
192.953096717014,-584.542883180082,20,0
193.787585167913,-584.241071220487,20,0
194.622073558974,-583.939259179868,20,0
195.456561891944,-583.637447040528,20,0
196.291050166939,-583.335634820163,20,0
197.124189082999,-583.028138319962,20,0
197.954406686942,-582.708335400559,20,0
198.784624227905,-582.388532400131,20,0
199.614841706934,-582.068729300052,20,0
200.445059122983,-581.748926110566,20,0
201.274948023958,-581.42781846039,20,0
202.100658108946,-581.090115739964,20,0
202.926368126995,-580.752412930131,20,0
203.75207807892,-580.414710040204,20,0
204.577787966002,-580.077007059939,20,0
205.40349778696,-579.739303990267,20,0
206.225272186915,-579.38682796061,20,0
207.046239294927,-579.031321629882,20,0
207.867206332972,-578.675815200433,20,0
208.688173300005,-578.320308680646,20,0
209.509140198003,-577.964802079834,20,0
210.327187204966,-577.598909590393,20,0
211.143177366001,-577.225701060146,20,0
211.959167452995,-576.852492440492,20,0
212.775157467928,-576.479283730499,20,0
213.591147408937,-576.106074940413,20,0
214.405347243999,-575.726819780655,20,0
215.216127841966,-575.336015440524,20,0
216.026908362983,-574.945211020298,20,0
216.83768880798,-574.554406510666,20,0
217.648469176958,-574.163601920009,20,0
218.458702455973,-573.771039250307,20,0
219.26404236001,-573.362750519998,20,0
220.069382183952,-572.954461690039,20,0
220.874721927918,-572.546172779985,20,0
221.680061594932,-572.137883789837,20,0
222.485401179991,-571.729594710283,20,0
223.28587895399,-571.306413410231,20,0
224.085548501927,-570.880756570026,20,0
224.885217967909,-570.455099650659,20,0
225.684887349955,-570.029442650266,20,0
226.484556650976,-569.603785560466,20,0
227.280602329993,-569.167532530613,20,0
228.074373638956,-568.724629010074,20,0
228.868144862936,-568.281725410372,20,0
229.661916001933,-567.838821730576,20,0
230.455687055015,-567.395917970687,20,0
231.247184117907,-566.946657380089,20,0
232.03483090899,-566.486633450724,20,0
232.822477611015,-566.02660943009,20,0
233.610124223982,-565.566585330293,20,0
234.397770748939,-565.106561140157,20,0
235.184603144997,-564.644358510152,20,0
235.965900881914,-564.167345280759,20,0
236.747198527912,-563.690331980586,20,0
237.528496084968,-563.213318590075,20,0
238.30979354796,-562.736305120401,20,0
239.091090918984,-562.259291570634,20,0
239.86657164793,-561.767360719852,20,0
240.641297515016,-561.273494110443,20,0
241.416023287922,-560.779627410695,20,0
242.190748966997,-560.285760640167,20,0
242.965474552009,-559.791893790476,20,0
243.735839062952,-559.287296640687,20,0
244.503772301949,-558.77671749983,20,0
245.271705445019,-558.266138280742,20,0
246.039638488903,-557.755558970384,20,0
246.807571437908,-557.244979600422,20,0
247.572707019979,-556.72779041063,20,0
248.333628717926,-556.20064427983,20,0
249.094550314941,-555.673498069868,20,0
249.855471814983,-555.146351790056,20,0
250.616393214907,-554.619205440395,20,0
251.376187686925,-554.089499720372,20,0
252.129880929948,-553.545936880633,20,0
252.883574071922,-553.002373959869,20,0
253.637267111917,-552.458810970187,20,0
254.39096005098,-551.915247900411,20,0
255.144652887946,-551.371684759855,20,0
255.89155170694,-550.813277860172,20,0
256.637801539968,-550.253453180194,20,0
257.384051269968,-549.693628420122,20,0
258.130300896009,-549.133803590201,20,0
258.876550416928,-548.573978690431,20,0
259.617672658991,-548.00336974021,20,0
260.35626645491,-547.427442880347,20,0
261.094860145007,-546.851515940391,20,0
261.833453728002,-546.275588930584,20,0
262.572047205991,-545.699661849998,20,0
263.307284486946,-545.116934820078,20,0
264.038011697936,-544.525069950149,20,0
264.768738802988,-543.933205000125,20,0
265.499465797911,-543.341339990497,20,0
266.230192685965,-542.749474899843,20,0
266.959437226993,-542.154714980163,20,0
267.682089551934,-541.547080820426,20,0
268.404741768958,-540.939446580596,20,0
269.127393872943,-540.33181228023,20,0
269.850045869011,-539.724177910015,20,0
270.57269775297,-539.116543460637,20,0
271.287561931997,-538.494241280481,20,0
272.001933256979,-537.87101096008,20,0
272.716304471949,-537.247780580074,20,0
273.430675574928,-536.624550130218,20,0
274.145046565915,-536.001319610514,20,0
274.853500627913,-535.367336280644,20,0
275.559387426008,-534.728687540628,20,0
276.265274110949,-534.090038740076,20,0
276.971160681918,-533.45138987992,20,0
277.677047138917,-532.812740940601,20,0
278.378987543983,-532.167169750668,20,0
279.076188592939,-531.513284640387,20,0
279.773389530019,-530.859399470501,20,0
280.470590349985,-530.205514240079,20,0
281.167791054933,-529.551628940739,20,0
281.863114925916,-528.894564350136,20,0
282.551431485917,-528.225629270077,20,0
283.239747928921,-527.556694130413,20,0
283.928064254927,-526.887758930214,20,0
284.616380465915,-526.218823660165,20,0
285.304696558975,-525.549888330512,20,0
285.984221456922,-524.8665669607,20,0
286.663457199931,-524.182772530243,20,0
287.342692823964,-523.498978040181,20,0
288.021928329952,-522.815183490515,20,0
288.701163718011,-522.131388870068,20,0
289.373676026938,-521.436963500455,20,0
290.043639236945,-520.738507490605,20,0
290.713602327975,-520.040051430464,20,0
291.383565300959,-519.341595300473,20,0
292.053528152988,-518.643139100634,20,0
292.727789475932,-517.951475520618,20,0
293.406669977936,-517.267111330293,20,0
294.085550362943,-516.582747080363,20,0
294.764430630952,-515.898382760584,20,0
295.443310778937,-515.214018380269,20,0
296.122190808994,-514.52965394035,20,0
296.801070721005,-513.845289439894,20,0
297.47995051695,-513.160924870521,20,0
298.158830194967,-512.476560240611,20,0
298.837709752959,-511.792195550166,20,0
299.516589195002,-511.107830800116,20,0
300.195468517952,-510.423465980217,20,0
300.874347721925,-509.739101100713,20,0
301.553226810996,-509.054736160673,20,0
302.232105779927,-508.370371149853,20,0
302.910984631977,-507.686006080359,20,0
303.585417405004,-506.994612890296,20,0
304.255575999967,-506.296463290229,20,0
304.925734475953,-505.598313630559,20,0
305.595892831916,-504.900163920596,20,0
306.26605106995,-504.202014139853,20,0
306.936209187959,-503.503864300437,20,0
307.606367187924,-502.805714400485,20,0
308.27652506798,-502.107564439997,20,0
308.946682829992,-501.409414410591,20,0
309.616840471979,-500.711264329962,20,0
310.286997995921,-500.013114180416,20,0
310.957155399956,-499.314963980578,20,0
311.627312685014,-498.616813709959,20,0
312.297469850979,-497.918663380668,20,0
312.967626899015,-497.220512989908,20,0
313.637783827959,-496.522362540476,20,0
314.303161146003,-495.816894800402,20,0
314.964428975014,-495.105135720223,20,0
315.625696682953,-494.39337658044,20,0
316.286964270985,-493.68161738012,20,0
316.948231739923,-492.969858120196,20,0
317.609499087906,-492.258098800667,20,0
318.270766315982,-491.546339429915,20,0
318.932033424964,-490.834579990245,20,0
319.593300413922,-490.12282049004,20,0
320.254567282973,-489.41106093023,20,0
320.915834030951,-488.699301309884,20,0
321.577100658906,-487.987541629933,20,0
322.238367168,-487.275781890377,20,0
322.899633555906,-486.564022100531,20,0
323.560899824952,-485.852262239903,20,0
324.222165973973,-485.140502320603,20,0
324.878310845932,-484.421147710644,20,0
325.530521292938,-483.695958490484,20,0
326.182731618988,-482.970769210719,20,0
326.834941825015,-482.245579880662,20,0
327.48715190799,-481.520390480757,20,0
328.139361871988,-480.79520103056,20,0
328.791571714915,-480.070011520758,20,0
329.443781435955,-479.344821950421,20,0
330.095991038019,-478.619632330723,20,0
330.748200516915,-477.894442640245,20,0
331.400409875903,-477.169252900407,20,0
332.052619114984,-476.444063100033,20,0
332.704828231945,-475.718873240054,20,0
333.35703722795,-474.99368332047,20,0
334.009246103931,-474.268493340351,20,0
334.661454858957,-473.543303300627,20,0
335.28758294601,-472.782721480355,20,0
335.895838208962,-471.99788607005,20,0
336.504093349911,-471.213050600141,20,0
337.112348366994,-470.428215079941,20,0
337.720603261958,-469.64337951038,20,0
338.328858032008,-468.858543890528,20,0
338.937112680986,-468.073708220385,20,0
339.545367204933,-467.288872490637,20,0
340.153621605947,-466.504036719911,20,0
340.761875882978,-465.719200890511,20,0
341.370130038005,-464.934365009889,20,0
341.978384068934,-464.149529079907,20,0
342.586637977976,-463.36469309032,20,0
343.194891761988,-462.579857060686,20,0
343.803145423997,-461.795020970516,20,0
344.411398960976,-461.010184840299,20,0
345.019652375951,-460.225348650478,20,0
345.627905666945,-459.440512410365,20,0
346.236158836982,-458.655676119961,20,0
346.844411880942,-457.870839769952,20,0
347.452664803015,-457.086003379896,20,0
348.060917599942,-456.301166930236,20,0
348.669170275913,-455.516330430284,20,0
349.27742282697,-454.731493880041,20,0
349.885675256955,-453.946657280438,20,0
350.493927560979,-453.161820620298,20,0
351.102179743,-452.376983920112,20,0
351.710431800922,-451.592147160322,20,0
352.318683736958,-450.807310360484,20,0
352.926935547963,-450.02247350011,20,0
353.535187238012,-449.237636580132,20,0
354.143438802916,-448.452799620107,20,0
354.751690245001,-447.667962610722,20,0
355.359941562987,-446.883125539869,20,0
355.96819275897,-446.098288429901,20,0
356.576443830971,-445.313451260328,20,0
357.184694780968,-444.52861403022,20,0
357.792945605936,-443.743776760064,20,0
358.401196307968,-442.958939440548,20,0
359.00944688695,-442.174102060497,20,0
359.617697342997,-441.389264640398,20,0
360.225947675994,-440.604427160695,20,0
360.834197885008,-439.819589630701,20,0
361.442447969923,-439.03475204017,20,0
362.050697932951,-438.249914410524,20,0
362.658947771997,-437.465076730587,20,0
363.267197487992,-436.680238990113,20,0
363.875447080936,-435.89540120028,20,0
364.483696550946,-435.110563360155,20,0
365.091945895925,-434.32572547067,20,0
365.70019511797,-433.540887529962,20,0
366.308444218012,-432.756049539894,20,0
366.916693192907,-431.971211490221,20,0
367.52494204801,-431.186373390257,20,0
368.13319077692,-430.401535240002,20,0
368.741439383011,-429.616697040387,20,0
369.349687865935,-428.83185879048,20,0
369.957936225925,-428.047020490281,20,0
370.566184461932,-427.262182130478,20,0
371.174432575935,-426.477343730629,20,0
371.782680564909,-425.692505270243,20,0
372.390928431996,-424.907666760497,20,0
372.999176174984,-424.122828190215,20,0
373.607423794921,-423.337989579886,20,0
374.215671290993,-422.553150920197,20,0
374.823918665992,-421.768312199973,20,0
375.432165914914,-420.983473430388,20,0
376.040413041948,-420.198634610511,20,0
376.648660045001,-419.413795740344,20,0
377.256906925933,-418.628956819885,20,0
377.865153683,-417.844117840752,20,0
378.473400317016,-417.059278820641,20,0
379.081646826002,-416.274439739995,20,0
379.689893213916,-415.489600609988,20,0
380.298139476916,-414.704761430621,20,0
380.906385617913,-413.919922200032,20,0
381.514631634927,-413.135082909837,20,0
382.122877529007,-412.350243580528,20,0
382.731123298989,-411.565404190682,20,0
383.339368946967,-410.780564750545,20,0
383.947614469915,-409.995725260116,20,0
384.555859871907,-409.210885720328,20,0
385.164105148986,-408.426046130247,20,0
385.772350303014,-407.641206480563,20,0
386.380595332943,-406.8563667899,20,0
386.988840240985,-406.071527040564,20,0
387.597085024929,-405.286687240005,20,0
388.205329686985,-404.501847390085,20,0
388.813574224012,-403.717007480562,20,0
389.421818637988,-402.93216753006,20,0
390.030062928912,-402.147327530198,20,0
390.638307097019,-401.362487470731,20,0
391.246551139979,-400.577647360042,20,0
391.854795062914,-399.792807199992,20,0
392.463038860005,-399.007966980338,20,0
393.071282534976,-398.223126720637,20,0
393.679526085965,-397.438286410645,20,0
394.287769513903,-396.653446040116,20,0
394.896012817975,-395.868605620228,20,0
395.504256000975,-395.083765150048,20,0
396.112499058014,-394.298924630508,20,0
396.720741992933,-393.514084050432,20,0
397.328984803986,-392.729243430309,20,0
397.937227491988,-391.944402750581,20,0
398.545470056008,-391.159562029876,20,0
399.153712497908,-390.374721250497,20,0
399.76195481699,-389.589880410582,20,0
400.370197010925,-388.80503953062,20,0
400.978439082974,-388.020198600367,20,0
401.586681030924,-387.235357610509,20,0
402.194922855939,-386.450516570359,20,0
402.803164558951,-385.665675490163,20,0
403.411406137981,-384.880834350362,20,0
404.01964759198,-384.095993150026,20,0
404.627888923977,-383.311151910573,20,0
405.236130131991,-382.526310610585,20,0
405.844371218933,-381.74146927055,20,0
406.452612179914,-380.956627869979,20,0
407.060853019008,-380.171786420047,20,0
407.669093734003,-379.386944920756,20,0
408.277334326995,-378.602103359997,20,0
408.885574794957,-377.817261760123,20,0
409.493815141963,-377.032420100644,20,0
410.102055363008,-376.247578389943,20,0
410.710295462981,-375.462736629881,20,0
411.318535437924,-374.677894820459,20,0
411.926775289932,-373.893052960746,20,0
412.535015019006,-373.108211040497,20,0
413.14325462596,-372.323369080201,20,0
413.751494108001,-371.5385270603,20,0
414.35973346699,-370.753684990108,20,0
414.967972701998,-369.968842870556,20,0
415.576211815001,-369.184000700712,20,0
416.184450803907,-368.399158480577,20,0
416.792689670925,-367.614316199906,20,0
417.400928412913,-366.829473869875,20,0
418.009167033015,-366.044631490484,20,0
418.61740552797,-365.259789070114,20,0
419.225643901969,-364.474946579896,20,0
419.833882150939,-363.690104050562,20,0
420.442120277905,-362.905261470005,20,0
421.050358279957,-362.120418829843,20,0
421.658596160007,-361.335576140322,20,0
422.266833915957,-360.550733400509,20,0
422.875071548973,-359.765890610404,20,0
423.483309058007,-358.981047770008,20,0
424.091546445969,-358.196204870008,20,0
424.699783709017,-357.411361929961,20,0
425.308020849014,-356.626518930309,20,0
425.916257864912,-355.841675880365,20,0
426.524494757992,-355.05683278013,20,0
427.132731528953,-354.271989630535,20,0
427.740968175931,-353.487146420404,20,0
428.349204697996,-352.702303170226,20,0
428.957441098988,-351.917459860444,20,0
429.565677374951,-351.13261650037,20,0
430.17391352891,-350.347773090005,20,0
430.782149559003,-349.56292963028,20,0
431.390385465929,-348.778086120263,20,0
431.998621248989,-347.993242550641,20,0
432.606856908998,-347.208398930728,20,0
433.215092445957,-346.423555269837,20,0
433.823327858932,-345.638711550273,20,0
434.431563150953,-344.853867780417,20,0
435.039798317011,-344.069023950025,20,0
435.648033361998,-343.284180080518,20,0
436.256268280908,-342.499336150475,20,0
436.864503078978,-341.71449217014,20,0
437.472737752018,-340.92964815069,20,0
438.080972303986,-340.144804060459,20,0
438.689206730924,-339.359959930181,20,0
439.297441034927,-338.575115750544,20,0
439.905675214948,-337.79027151037,20,0
440.513909272966,-337.00542723015,20,0
441.122143205954,-336.220582890324,20,0
441.730377018917,-335.435738500208,20,0
442.338610704988,-334.650894060731,20,0
442.946844269987,-333.866049560718,20,0
443.555077709956,-333.081205020659,20,0
444.163311027922,-332.296360420063,20,0
444.771544221905,-331.511515780352,20,0
445.379777294933,-330.726671080105,20,0
445.988010240952,-329.941826320253,20,0
446.596243066015,-329.156981520355,20,0
447.204475766979,-328.372136670165,20,0
447.812708345009,-327.58729176037,20,0
448.420940799988,-326.802446800284,20,0
449.029173131916,-326.017601789907,20,0
449.63740533893,-325.232756730169,20,0
450.245637423941,-324.44791162014,20,0
450.853869383922,-323.663066460751,20,0
451.462101222947,-322.878221239895,20,0
452.07033293799,-322.093375970609,20,0
452.678564529982,-321.308530650102,20,0
453.286795996944,-320.523685280234,20,0
453.895027342951,-319.738839860074,20,0
454.503258562996,-318.953994390555,20,0
455.111489663017,-318.169148860499,20,0
455.71972063696,-317.384303290397,20,0
456.327951489948,-316.59945766069,20,0
456.936182216974,-315.814611980692,20,0
457.544412822928,-315.029766250402,20,0
458.152643303969,-314.244920470752,20,0
458.760873663938,-313.460074630566,20,0
459.369103897945,-312.675228740089,20,0
459.977334009949,-311.890382810496,20,0
460.585563997971,-311.105536820367,20,0
461.193793863989,-310.320690779947,20,0
461.802023604978,-309.535844679922,20,0
462.410253225011,-308.75099853985,20,0
463.018482720014,-307.966152340174,20,0
463.626712091966,-307.18130610045,20,0
464.234941340983,-306.396459800191,20,0
464.843170466949,-305.611613450572,20,0
465.451399468002,-304.826767050661,20,0
466.059628346935,-304.041920590214,20,0
466.667857102933,-303.257074090652,20,0
467.27608573495,-302.472227530554,20,0
467.884314243915,-301.687380920164,20,0
468.492542629014,-300.902534270659,20,0
469.100770891993,-300.117687550373,20,0
469.708999030991,-299.332840790041,20,0
470.317227047985,-298.547993980348,20,0
470.925454939948,-297.763147110119,20,0
471.533682708978,-296.978300190531,20,0
472.141910353908,-296.193453220651,20,0
472.750137876952,-295.408606200479,20,0
473.358365276945,-294.623759130016,20,0
473.966592552955,-293.838912010193,20,0
474.574819704983,-293.054064829834,20,0
475.183046735008,-292.269217600115,20,0
475.791273640934,-291.484370330349,20,0
476.399500424974,-290.699522990733,20,0
477.007727083983,-289.91467561014,20,0
477.615953619941,-289.129828180186,20,0
478.224180032965,-288.344980690628,20,0
478.832406322938,-287.560133160092,20,0
479.440632487997,-286.775285569951,20,0
480.048858532915,-285.99043793045,20,0
480.657084451988,-285.205590240657,20,0
481.265310248942,-284.420742500573,20,0
481.873535920982,-283.635894699953,20,0
482.481761470903,-282.851046860218,20,0
483.089986896957,-282.066198959947,20,0
483.69821220194,-281.281351010315,20,0
484.306437380961,-280.496503010392,20,0
484.914662437979,-279.711654949933,20,0
485.522887371015,-278.926806850359,20,0
486.131112181,-278.141958700493,20,0
486.739336867002,-277.357110490091,20,0
487.347561431932,-276.572262230329,20,0
487.955785871018,-275.787413920276,20,0
488.564010187984,-275.002565559931,20,0
489.172234380967,-274.217717139982,20,0
489.780458451947,-273.432868679985,20,0
490.388682398014,-272.648020160384,20,0
490.996906223008,-271.863171590492,20,0
491.605129922973,-271.078322970308,20,0
492.213353500003,-270.293474299833,20,0
492.821576952934,-269.508625579998,20,0
493.429800283979,-268.723776809871,20,0
494.038023490924,-267.93892798014,20,0
494.646246575983,-267.154079100117,20,0
495.254469536012,-266.369230170734,20,0
495.86269237299,-265.584381190129,20,0
496.470915086917,-264.799532160163,20,0
497.079137677909,-264.014683070593,20,0
497.687360144919,-263.229833940044,20,0
498.295582489925,-262.444984749891,20,0
498.903804710018,-261.660135510378,20,0
499.512026806944,-260.875286220573,20,0
500.120248780935,-260.090436880477,20,0
500.728470630944,-259.305587490089,20,0
501.336692359997,-258.520738040097,20,0
501.944913963904,-257.735888550058,20,0
502.553135444992,-256.951039000414,20,0
503.161356801982,-256.166189400479,20,0
503.769578036969,-255.381339750253,20,0
504.377799146925,-254.596490040421,20,0
504.986020135926,-253.811640290543,20,0
505.594241000013,-253.026790480129,20,0
506.202461741981,-252.2419406306,20,0
506.810682358919,-251.457090720534,20,0
507.418902853969,-250.672240760177,20,0
508.02712322399,-249.887390740216,20,0
508.635343473987,-249.102540680207,20,0
509.243563597905,-248.317690560594,20,0
509.851783599006,-247.532840400003,20,0
510.460003476939,-246.747990180738,20,0
511.068223231938,-245.963139910251,20,0
511.676442862954,-245.178289590403,20,0
512.284662371967,-244.39343921002,20,0
512.89288175595,-243.608588790521,20,0
513.50110101793,-242.823738310486,20,0
514.109320155927,-242.03888778016,20,0
514.71753917099,-241.254037200473,20,0
515.325758063002,-240.469186570495,20,0
515.933976831962,-239.684335890226,20,0
516.54219547601,-238.899485150352,20,0
517.150413997937,-238.114634370431,20,0
517.758632395999,-237.329783529975,20,0
518.366850671009,-236.544932640158,20,0
518.975068824016,-235.760081700049,20,0
519.583286852925,-234.975230710581,20,0
520.19150475692,-234.190379660577,20,0
520.799722538912,-233.405528570525,20,0
521.407940196921,-232.620677419938,20,0
522.016157732927,-231.835826219991,20,0
522.624375144951,-231.050974970683,20,0
523.232592434972,-230.266123670153,20,0
523.840809598914,-229.481272320263,20,0
524.449026642018,-228.696420909837,20,0
525.057243559975,-227.911569450051,20,0
525.665460356977,-227.126717939973,20,0
526.273677028017,-226.341866380535,20,0
526.881893577986,-225.557014769875,20,0
527.490110002924,-224.772163109854,20,0
528.098326304928,-223.987311400473,20,0
528.706542483997,-223.202459630556,20,0
529.314758540946,-222.417607810348,20,0
529.922974471934,-221.632755939849,20,0
530.531190281967,-220.847904019989,20,0
531.139405966969,-220.063052049838,20,0
531.747621529969,-219.278200020082,20,0
532.355836967938,-218.49334795028,20,0
532.964052283904,-217.708495819941,20,0
533.572267477983,-216.923643640242,20,0
534.180482545984,-216.138791410252,20,0
534.788697492913,-215.353939129971,20,0
535.396912314929,-214.569086800329,20,0
536.005127014942,-213.784234410152,20,0
536.613341590972,-212.999381970614,20,0
537.221556043951,-212.214529490098,20,0
537.829770372948,-211.429676949978,20,0
538.437984579941,-210.644824360497,20,0
539.046198661905,-209.859971710481,20,0
539.654412621981,-209.075119020417,20,0
540.262626457959,-208.290266270749,20,0
540.870840171934,-207.505413469858,20,0
541.479053760995,-206.720560620539,20,0
542.087267227005,-205.935707719997,20,0
542.695480569964,-205.150854770094,20,0
543.303693789989,-204.3660017699,20,0
543.911906886962,-203.581148710102,20,0
544.520119859953,-202.796295600012,20,0
545.128332708962,-202.011442440562,20,0
545.736545435968,-201.226589229889,20,0
546.344758038991,-200.441735969856,20,0
546.952970520943,-199.656882660463,20,0
547.561182876001,-198.872029290535,20,0
548.169395109988,-198.087175880559,20,0
548.777607219992,-197.302322410047,20,0
549.385819206946,-196.517468890175,20,0
549.994031068985,-195.732615320012,20,0
550.602242811001,-194.947761690244,20,0
551.210454426939,-194.162908020429,20,0
551.81866592099,-193.378054290079,20,0
552.426877290942,-192.593200510368,20,0
553.035088537959,-191.808346680366,20,0
553.643299660995,-191.023492800072,20,0
554.251510662958,-190.238638870418,20,0
554.85972153896,-189.453784890473,20,0
555.467932292959,-188.668930849992,20,0
556.076142922975,-187.88407676015,20,0
556.684353429941,-187.099222630262,20,0
557.292563812924,-186.314368430525,20,0
557.900774074951,-185.529514190741,20,0
558.508984211949,-184.744659900665,20,0
559.117194226012,-183.959805550054,20,0
559.725404115976,-183.174951160327,20,0
560.333613883937,-182.390096710064,20,0
560.941823526984,-181.60524221044,20,0
561.55003304896,-180.820387660526,20,0
562.158242445905,-180.035533050075,20,0
562.766451720963,-179.250678400509,20,0
563.374660870992,-178.465823690407,20,0
563.982869897969,-177.680968930013,20,0
564.591078802012,-176.896114130504,20,0
565.199287583935,-176.111259260215,20,0
565.807496240945,-175.326404349878,20,0
566.415704775951,-174.541549390182,20,0
567.023913185927,-173.756694369949,20,0
567.632121472969,-172.971839300357,20,0
568.240329638938,-172.186984180473,20,0
568.865670300904,-171.424460549839,20,0
569.493890241953,-170.665690020658,20,0
570.122110060998,-169.90691943001,20,0
570.750329756993,-169.148148790002,20,0
571.368997283978,-168.376730750315,20,0
571.986984302988,-167.604411790147,20,0
572.604971198947,-166.832092789933,20,0
573.222844547941,-166.05962846987,20,0
573.830423166975,-165.273980600759,20,0
574.438001664938,-164.488332680427,20,0
575.045580036938,-163.702684710734,20,0
575.652224136982,-162.915879620239,20,0
576.249221592909,-162.117126029916,20,0
576.846218923922,-161.318372390233,20,0
577.443216134911,-160.519618710503,20,0
578.038432118017,-159.718731259927,20,0
578.624678776949,-158.907098920085,20,0
579.210925309919,-158.095466540195,20,0
579.797171721933,-157.283834100701,20,0
580.380764444009,-156.469127289951,20,0
580.956093726913,-155.64484683983,20,0
581.531422882923,-154.82056634035,20,0
582.106751917978,-153.996285790578,20,0
582.678530012956,-153.168027089909,20,0
583.242778440006,-152.331332740374,20,0
583.807026746916,-151.494638340548,20,0
584.371274928912,-150.657943900675,20,0
584.931050868938,-149.816405200399,20,0
585.48405811796,-148.967534700409,20,0
586.037065244978,-148.118664170615,20,0
586.590072248946,-147.269793590531,20,0
587.137662409921,-146.415251070634,20,0
587.679271350964,-145.554445640184,20,0
588.220880166977,-144.693640179932,20,0
588.762488862965,-143.83283467032,20,0
589.297713582986,-142.96556876041,20,0
589.827770321979,-142.0930730002,20,0
590.357826937921,-141.220577210188,20,0
590.887883431977,-140.348081369884,20,0
591.410567070008,-139.468376620673,20,0
591.928920996957,-138.584438459948,20,0
592.447274803999,-137.700500260107,20,0
592.965628489968,-136.81656202022,20,0
593.475599477999,-135.924707029946,20,0
593.982103310991,-135.029577639885,20,0
594.488607025938,-134.134448210709,20,0
594.995110620977,-133.239318749867,20,0
595.492201520945,-132.335606059991,20,0
595.98671134992,-131.429539800622,20,0
596.48122105794,-130.523473500274,20,0
596.975730647915,-129.61740715988,20,0
597.459778210963,-128.702133180574,20,0
597.942153526004,-127.785387500189,20,0
598.424528723932,-126.868641790003,20,0
598.906903802999,-125.951896050014,20,0
599.377749013947,-125.025360940024,20,0
599.847852759995,-124.098196350038,20,0
600.317956390907,-123.17103173025,20,0
600.787849314976,-122.243694670498,20,0
601.245548037929,-121.306374660693,20,0
601.703246645979,-120.36905460991,20,0
602.160945139942,-119.431734530255,20,0
602.617460648995,-118.493481229991,20,0
603.062624190003,-117.546272099949,20,0
603.507787615992,-116.599062940106,20,0
603.952950928942,-115.65185375046,20,0
604.395939464914,-114.702992239967,20,0
604.828441338963,-113.746163150296,20,0
605.260943103931,-112.789334029891,20,0
605.693444754928,-111.832504880615,20,0
606.122761155013,-110.873346670531,20,0
606.542478482937,-109.907169500366,20,0
606.962195702014,-108.940992310643,20,0
607.381912809913,-107.974815090187,20,0
607.797416355927,-107.005675010383,20,0
608.204229888972,-106.030424309894,20,0
608.611043313984,-105.055173580535,20,0
609.017856629915,-104.079922820441,20,0
609.419411096955,-103.101118950173,20,0
609.813205251936,-102.117071830668,20,0
610.206999300979,-101.133024690673,20,0
610.600793243968,-100.148977530189,20,0
610.988266939996,-99.1608310807496,20,0
611.368929835968,-98.1682671699673,20,0
611.749592626002,-97.175703230314,20,0
612.130255315919,-96.1831392804161,20,0
612.503521124017,-95.185974500142,20,0
612.870944610913,-94.1851758407429,20,0
613.238367995946,-93.1843771506101,20,0
613.60579127993,-92.1835784399882,20,0
613.964726704988,-91.177722520195,20,0
614.318806394935,-90.1689734803513,20,0
614.672885987908,-89.1602244200185,20,0
615.026965479949,-88.1514753401279,20,0
615.371452680905,-87.1372582707554,20,0
615.712087980006,-86.1208455003798,20,0
616.052723182947,-85.1044327002019,20,0
616.393358289963,-84.0880198907107,20,0
616.723284123,-83.0657744100317,20,0
617.050378256012,-82.0419867103919,20,0
617.377472296939,-81.0181989902631,20,0
617.704566241941,-79.9944112505764,20,0
618.000401904923,-78.9550112504512,20,0
618.291495290003,-77.9132426800206,20,0
618.582588588004,-76.8714741002768,20,0
618.865048883948,-75.825777919963,20,0
619.141859908938,-74.7775115901604,20,0
619.41867085197,-73.7292452603579,20,0
619.690588208963,-72.678873250261,20,0
619.953033376951,-71.6244254205376,20,0
620.215478464961,-70.5699775805697,20,0
620.476813779911,-69.5150792803615,20,0
620.724813926965,-68.4547680700198,20,0
620.972813995904,-67.3944568503648,20,0
621.220813988941,-66.3341456204653,20,0
621.45700938697,-65.2693275101483,20,0
621.69048963394,-64.2034727903083,20,0
621.923969806987,-63.1376180704683,20,0
622.149437222979,-62.0688955299556,20,0
622.368327223929,-60.9978188900277,20,0
622.587217153981,-59.926742230542,20,0
622.801924585016,-58.8542675999925,20,0
623.006158316974,-57.7782921707258,20,0
623.210391981993,-56.7023167302832,20,0
623.414308340987,-55.6262426907197,20,0
623.60382420395,-54.5456930901855,20,0
623.793340004981,-53.4651434700936,20,0
623.982855743961,-52.3845938500017,20,0
624.161175958929,-51.3008252400905,20,0
624.335916736978,-50.2160274507478,20,0
624.51065745391,-49.1312296502292,20,0
624.678074472002,-48.0444952398539,20,0
624.837987523992,-46.9557765498757,20,0
624.997900519986,-45.8670578505844,20,0
625.154390477925,-44.7775125205517,20,0
625.299427577993,-43.6852013906464,20,0
625.444464624976,-42.5928902504966,20,0
625.589501619921,-41.5005791001022,20,0
625.720122003928,-40.405115080066,20,0
625.850239361986,-39.3095410401002,20,0
625.980356670916,-38.2139670001343,20,0
626.099965829984,-37.1163330599666,20,0
626.215124260984,-36.0178266605362,20,0
626.33028264693,-34.91932024993,20,0
626.438864032971,-33.8196729300544,20,0
626.539028813015,-32.718565559946,20,0
626.639193550916,-31.6174582000822,20,0
626.736731553916,-30.5159541601315,20,0
626.821872480912,-29.4125780407339,20,0
626.907013369957,-28.3092019101605,20,0
626.992154223961,-27.2058257805184,20,0
627.063584733987,-26.1006860304624,20,0
627.133676105994,-24.995374020189,20,0
627.203767446918,-23.8900620099157,20,0
627.264105055947,-22.7837129104882,20,0
627.319125782931,-21.6767984805629,20,0
627.374146480928,-20.5698840599507,20,0
627.423382958979,-19.4624833203852,20,0
627.463316456997,-18.3543004207313,20,0
627.503249933012,-17.2461175201461,20,0
627.541377997957,-16.1378229307011,20,0
627.566212240956,-15.028705900535,20,0
627.591046463,-13.9195888601244,20,0
627.615880666999,-12.810471820645,20,0
627.627787293983,-11.7008417407051,20,0
627.637514789007,-10.5911251800135,20,0
627.647242270992,-9.48140861000866,20,0
627.648025841918,-8.37153534032404,20,0
627.642643694999,-7.26155404001474,20,0
627.637261538999,-6.15157274063677,20,0
627.626922179014,-5.04161445051432,20,0
627.606432031957,-3.93170328997076,20,0
627.585941878962,-2.82179213035852,20,0
627.564480663976,-1.71190700028092,20,0
627.528888716013,-0.60240083001554,20,0
627.493296764907,0.507105349563062,20,0
627.457704812987,1.61661153007299,20,0
627.41003272892,2.72552557941526,20,0
627.359349737992,3.83429203927517,20,0
627.308666748926,4.94305850937963,20,0
627.249893113971,6.05124846938998,20,0
627.184134392999,7.15894071944058,20,0
627.118375676917,8.26663295924664,20,0
627.04850896995,9.37394092977047,20,0
626.967694373918,10.4802247695625,20,0
626.886879786965,11.586508619599,20,0
626.805929435999,12.6927767293528,20,0
626.710083364975,13.7973184194416,20,0
626.614237310016,14.9018601095304,20,0
626.518391266,16.0064018098637,20,0
626.411365077947,17.1093968898058,20,0
626.300516485004,18.2118631992489,20,0
626.189667909988,19.3143295096234,20,0
626.071613230975,20.415636619553,20,0
625.945795560954,21.5156949395314,20,0
625.819977914914,22.6157532697543,20,0
625.690911539015,23.7152154501528,20,0
625.550162768923,24.8125339094549,20,0
625.409414027003,25.909852379933,20,0
625.268665310927,27.0071708401665,20,0
625.113716301974,28.1015603793785,20,0
624.958078944008,29.1958079300821,20,0
624.802441617008,30.2900554798543,20,0
624.636564292945,31.3819565000013,20,0
624.466085291002,32.4728030199185,20,0
624.295606323984,33.5636495398357,20,0
624.118824785925,34.6529065398499,20,0
623.933555591968,35.7400229293853,20,0
623.748286435963,36.827139319852,20,0
623.560625715996,37.9135970296338,20,0
623.360622238019,38.9966553198174,20,0
623.160618802998,40.0797136100009,20,0
622.960615410935,41.1627719094977,20,0
622.645932930987,42.2007521893829,20,0
622.31829525996,43.2336400197819,20,0
621.990657661925,44.2665278697386,20,0
621.663020139909,45.2994157299399,20,0
621.321868644911,46.3253127001226,20,0
620.980367523967,47.351028769277,20,0
620.638866479974,48.3767448598519,20,0
620.29666290991,49.4020791901276,20,0
619.941400074982,50.4203177299351,20,0
619.58613732201,51.4385562893003,20,0
619.230874649948,52.4567948598415,20,0
618.87387319596,53.4740426596254,20,0
618.504954645992,54.484500169754,20,0
618.136036178912,55.4949576901272,20,0
617.767117796,56.5054152198136,20,0
617.39544136601,57.514227129519,20,0
617.012977086939,58.516602399759,20,0
616.630512894946,59.5189776895568,20,0
616.248048789916,60.5213529895991,20,0
615.861825275933,61.5213825292885,20,0
615.465929296915,62.5153767699376,20,0
615.070033404976,63.5093710301444,20,0
614.674137602909,64.503365309909,20,0
614.273499853909,65.494268999435,20,0
613.864290200989,66.4795859195292,20,0
613.455080638989,67.4649028694257,20,0
613.045871170936,68.4502198295668,20,0
612.63095693395,69.4316572798416,20,0
612.208555604913,70.4080031793565,20,0
611.786154370988,71.3843490993604,20,0
611.363753231941,72.360695050098,20,0
610.934705113992,73.3323291195557,20,0
610.49923803797,74.2994129694998,20,0
610.063771059969,75.2664968296886,20,0
609.628304178943,76.2335807196796,20,0
609.185269597918,77.1950775999576,20,0
608.736866598949,78.1526111196727,20,0
608.288463698002,79.1101446701214,20,0
607.840060897986,80.0676782298833,20,0
607.383192030015,81.0187075501308,20,0
606.921986782923,81.9664053199813,20,0
606.460781639908,82.9141031196341,20,0
605.999576597009,83.861800939776,20,0
605.529030325939,84.8020358895883,20,0
605.055160328979,85.7396154301241,20,0
604.58129043493,86.6771949892864,20,0
604.107420644956,87.614774569869,20,0
603.623358509969,88.5438920296729,20,0
603.136965026963,89.471073850058,20,0
602.650571650942,90.3982556993142,20,0
602.164178381907,91.3254375699908,20,0
601.666766521987,92.243118179962,20,0
601.167994556949,93.1596259092912,20,0
600.669222699944,94.0761336795986,20,0
600.170450948994,94.9926414601505,20,0
599.659860053915,95.8985697599128,20,0
599.148858291912,96.8041302096099,20,0
598.637856642949,97.7096906900406,20,0
598.126339672948,98.614772499539,20,0
597.603260339936,99.5091157099232,20,0
597.080181119964,100.403458959423,20,0
596.557102011982,101.297802229412,20,0
596.032604847918,102.190779480152,20,0
595.497603988973,103.073638899252,20,0
594.962603242951,103.956498350017,20,0
594.42760260799,104.839357829653,20,0
593.890305665904,105.719923929311,20,0
593.343542765942,106.591036389582,20,0
592.796779979952,107.462148879655,20,0
592.250017307932,108.33326139953,20,0
591.700105355005,109.201113999821,20,0
591.141743404907,110.060219829902,20,0
590.583381571923,110.919325709343,20,0
590.02501985291,111.778431619518,20,0
589.462681947975,112.633272679523,20,0
588.89288739895,113.480115809478,20,0
588.323092965991,114.326958989725,20,0
587.753298647935,115.173802199774,20,0
587.17872807791,116.015338120051,20,0
586.597670783987,116.849666129798,20,0
586.016613606014,117.683994189836,20,0
585.43555654597,118.518322269432,20,0
584.848950756015,119.346263989806,20,0
584.256803929922,120.167828179896,20,0
583.664657220012,120.989392410032,20,0
583.072510628961,121.810956679285,20,0
582.474071161938,122.625019749627,20,0
581.87101131992,123.433575229719,20,0
581.267951595946,124.242130749859,20,0
580.664891990949,125.050686310045,20,0
580.054824415944,125.850591009483,20,0
579.441031327005,126.645896759816,20,0
578.827238356927,127.441202559508,20,0
578.213445505942,128.236508409493,20,0
577.591959348996,129.021979839541,20,0
576.967615981004,129.803798809648,20,0
576.343272733968,130.585617819801,20,0
575.718929604976,131.367436879315,20,0
575.08623827796,132.138205049559,20,0
574.451530744904,132.906304189935,20,0
573.816823330009,133.674403369427,20,0
573.182116034906,134.442502609454,20,0
572.538436767994,135.198302529752,20,0
571.893554267008,135.952452889644,20,0
571.248671886977,136.706603289582,20,0
570.603789625922,137.460753750056,20,0
569.949343384942,138.201325519942,20,0
569.294478151947,138.9413022995,20,0
568.639613036998,139.681279129349,20,0
567.984412344988,140.420762329362,20,0
567.319759466918,141.146344919689,20,0
566.655106704915,141.871927550063,20,0
565.990454063984,142.597510240041,20,0
565.32474113896,143.321477400139,20,0
564.650498857955,144.032449559309,20,0
563.976256695925,144.743421769701,20,0
563.302014651941,145.454394029453,20,0
562.626018375973,146.162596689537,20,0
561.942387674935,146.858746499754,20,0
561.258757091942,147.554896359332,20,0
560.575126627926,148.251046270132,20,0
559.889079381013,148.943241340108,20,0
559.196264039958,149.624361289665,20,0
558.503448814969,150.305481299758,20,0
557.810633707908,150.986601360142,20,0
557.114771286957,151.662551189773,20,0
556.41297782294,152.328438259661,20,0
555.711184473941,152.994325379841,20,0
555.00939124194,153.66021256987,20,0
554.303952781018,154.3196850596,20,0
553.593390383991,154.970140759833,20,0
552.882828102913,155.620596519671,20,0
552.17226593697,156.271052340046,20,0
551.45749382698,156.913820980117,20,0
550.738374304958,157.54865141958,20,0
550.019254894927,158.183481940068,20,0
549.300135600963,158.818312509917,20,0
548.57102706295,159.433796079829,20,0
547.834328726982,160.03457982,20,0
547.09763050091,160.635363619775,20,0
546.360932387994,161.236147499643,20,0
545.624234385905,161.836931429803,20,0
544.886000802973,162.434556519613,20,0
544.141465406981,163.019218630157,20,0
543.396930119954,163.603880819865,20,0
542.652394942008,164.188543070108,20,0
541.907859875006,164.773205379955,20,0
541.163324918016,165.357867769897,20,0
540.412515730946,165.929109579884,20,0
539.660363091971,166.497477609664,20,0
538.908210559981,167.065845709294,20,0
538.156058135908,167.634213879704,20,0
537.403905819985,168.20258210972,20,0
536.648415655945,168.76352063939,20,0
535.888867618982,169.315426799469,20,0
535.129319687956,169.867333029397,20,0
534.369771863916,170.419239330105,20,0
533.610224144999,170.971145699732,20,0
532.850109852967,171.521738499403,20,0
532.083390556974,172.057019920088,20,0
531.316671364009,172.592301419936,20,0
530.549952276982,173.127582979389,20,0
529.783233291935,173.662864619866,20,0
529.01651441399,174.198146319948,20,0
528.244887181907,174.7215673998,20,0
527.471222981927,175.240066209808,20,0
526.697558883927,175.758565079421,20,0
525.923894886975,176.277064030059,20,0
525.150230992935,176.795563049614,20,0
524.374320967938,177.308398730122,20,0
523.593940060004,177.809961839579,20,0
522.813559251954,178.311525019817,20,0
522.033178543905,178.813088269904,20,0
521.252797935973,179.314651600085,20,0
520.472417429904,179.816215000115,20,0
519.685796004953,180.301342030056,20,0
518.89892877196,180.785821509548,20,0
518.11206163594,181.270301070064,20,0
517.325194597011,181.754780689254,20,0
516.538327655988,182.239260399714,20,0
515.747771880939,182.713579949923,20,0
514.95465041697,183.180832759477,20,0
514.161529047997,183.648085639812,20,0
513.368407774018,184.115338609554,20,0
512.575286595966,184.582591650076,20,0
511.78085616196,185.046068309806,20,0
510.981714508962,185.49595656991,20,0
510.182572947932,185.945844910108,20,0
509.383431479917,186.395733329467,20,0
508.584290103987,186.845621819608,20,0
507.785148822004,187.295510389842,20,0
506.981118472992,187.73061054945,20,0
506.176192537998,188.163001580164,20,0
505.371266691014,188.59539269004,20,0
504.566340934951,189.02778388001,20,0
503.761415269924,189.460175150074,20,0
502.953866595984,189.884232199751,20,0
502.143393807928,190.298998329788,20,0
501.33292110695,190.71376453992,20,0
500.522448492935,191.128530839458,20,0
499.711975966929,191.543297209777,20,0
498.900969782961,191.956279089674,20,0
498.085189301986,192.353297919966,20,0
497.269408904947,192.75031684991,20,0
496.453628593008,193.147335849702,20,0
495.637848366983,193.544354929589,20,0
494.822068223963,193.941374089569,20,0
494.002597864019,194.325383349322,20,0
493.181750495918,194.704537820071,20,0
492.360903210007,195.083692369983,20,0
491.540056003956,195.462847009301,20,0
490.719208881957,195.842001729645,20,0
489.896644388908,196.214757939801,20,0
489.070972269983,196.575936079957,20,0
488.245300228009,196.937114299275,20,0
487.419628266012,197.298292609863,20,0
486.593956380966,197.659470989369,20,0
485.768284576014,198.020649460144,20,0
484.938106350019,198.36404072959,20,0
484.107853195979,198.707136039622,20,0
483.277600116911,199.050231429748,20,0
482.447347113979,199.393326909281,20,0
481.617094186018,199.736422469839,20,0
480.784190342994,200.068401489407,20,0
479.949601070955,200.393312649801,20,0
479.11501186993,200.718223889358,20,0
478.280422740965,201.04313520994,20,0
477.445833683945,201.368046619929,20,0
476.610267085955,201.688588829711,20,0
475.77158796601,201.995219949633,20,0
474.932908915915,202.301851159893,20,0
474.094229933922,202.608482449315,20,0
473.255551020964,202.915113830008,20,0
472.416872175992,203.221745289862,20,0
471.574862901005,203.51245464012,20,0
470.732341479976,203.800715330057,20,0
469.889820123906,204.0889761094,20,0
469.047298833961,204.377236969769,20,0
468.204777606996,204.665497919545,20,0
467.360479541938,204.944634339772,20,0
466.514364361996,205.214439449832,20,0
465.668249242939,205.484244649298,20,0
464.822134185932,205.754049940035,20,0
463.976019190974,206.023855309933,20,0
463.129495941917,206.291397759691,20,0
462.280036674929,206.542667679489,20,0
461.430577465915,206.79393767938,20,0
460.581118316972,207.045207779855,20,0
459.731659224955,207.296477959491,20,0
458.882200191962,207.547748229466,20,0
458.03042160091,207.785065310076,20,0
457.177868961939,208.017725969665,20,0
456.325316375005,208.250386729836,20,0
455.47276384593,208.483047570102,20,0
454.620211369009,208.715708499774,20,0
453.766586116981,208.94131889008,20,0
452.911191615975,209.155301559716,20,0
452.055797167006,209.369284319691,20,0
451.20040276798,209.583267170005,20,0
450.345008420991,209.797250109725,20,0
449.489600743982,210.011136309244,20,0
448.631616792991,210.20637783967,20,0
447.773632886936,210.401619459502,20,0
446.91564903094,210.596861169673,20,0
446.057665219996,210.792102969252,20,0
445.199681457016,210.987344869412,20,0
444.34021905798,211.170689609833,20,0
443.479898869991,211.347132479772,20,0
442.619578726939,211.523575440049,20,0
441.759258624981,211.700018489733,20,0
440.898938569939,211.87646164,20,0
440.038075922988,212.047993149608,20,0
439.175673316,212.205585209653,20,0
438.313270746963,212.363177349791,20,0
437.450868218904,212.520769589581,20,0
436.588465729961,212.678361909464,20,0
435.726063280017,212.83595432993,20,0
434.862037036917,212.976761019789,20,0
433.997806521016,213.115455850027,20,0
433.133576038992,213.254150759429,20,0
432.26934559294,213.392845769413,20,0
431.405115182977,213.531540869735,20,0
430.540073187905,213.660464920104,20,0
429.674269738956,213.780221499503,20,0
428.808466320974,213.899978170171,20,0
427.942662933958,214.019734929316,20,0
427.076859578956,214.139491789974,20,0
426.210639107972,214.252116099931,20,0
425.341931444011,214.322212419473,20,0
424.473223799956,214.392308839597,20,0
423.604516174994,214.462405350059,20,0
422.735808572965,214.532501959242,20,0
421.867100989912,214.602598659694,20,0
420.998393428978,214.672695449553,20,0
420.129144402919,214.72688334994,20,0
419.259788834956,214.777940520085,20,0
418.390433282009,214.828997779638,20,0
417.521077746991,214.880055150017,20,0
416.65172222699,214.931112599559,20,0
415.782366724918,214.982170149684,20,0
414.912804718944,215.023176299408,20,0
414.043057741015,215.055179160088,20,0
413.173310776008,215.087182119489,20,0
412.303563823923,215.119185159914,20,0
411.433816883946,215.151188309304,20,0
410.564069955959,215.183191549964,20,0
409.694293448934,215.21101140976,20,0
408.82441169396,215.223950520158,20,0
407.954529947951,215.236889719963,20,0
407.084648209973,215.24982901942,20,0
406.214766479912,215.262768410146,20,0
405.344884758932,215.275707899593,20,0
404.475003045984,215.288647479378,20,0
403.605232386966,215.284208879806,20,0
402.735472530942,215.278080509976,20,0
401.865712677012,215.271952239797,20,0
400.995952828904,215.265824059956,20,0
400.126192985917,215.259695979767,20,0
399.25643314491,215.253567989916,20,0
398.386901665945,215.235937089659,20,0
397.51752033399,215.210742959753,20,0
396.648139002966,215.185548929498,20,0
395.778757669963,215.160354989581,20,0
394.909376338008,215.135161149316,20,0
394.039995005005,215.109967399389,20,0
393.170801174012,215.07914655935,20,0
392.302054889966,215.034894099459,20,0
391.433308601961,214.990641749464,20,0
390.564562307904,214.946389479563,20,0
389.695816011983,214.902137309313,20,0
388.82706971094,214.857885239646,20,0
387.958323405939,214.813633259386,20,0
387.090457085986,214.750579509884,20,0
386.222602176946,214.687281889841,20,0
385.354747259989,214.623984360136,20,0
384.486892335,214.560686919838,20,0
383.619037400931,214.497389580123,20,0
382.751182458014,214.43409234006,20,0
381.884106810903,214.357873319648,20,0
381.017399353907,214.275549099781,20,0
380.150691883988,214.193224979565,20,0
379.283984401962,214.110900959931,20,0
378.417276907945,214.028577029705,20,0
377.550569401938,213.946253200062,20,0
376.684382584994,213.856878159568,20,0
375.819078314002,213.755551649258,20,0
374.953774026013,213.65422523953,20,0
374.088469721959,213.552898920141,20,0
373.223165401956,213.451572699472,20,0
372.357861064957,213.350246570073,20,0
371.492661207914,213.247725189663,20,0
370.629015445011,213.127426289953,20,0
369.765369659988,213.00712747965,20,0
368.901723854011,212.88682876993,20,0
368.03807802801,212.766530149616,20,0
367.174432181986,212.646231629886,20,0
366.310786312912,212.525933199562,20,0
365.448584973929,212.391338209622,20,0
364.586852521985,212.252102510072,20,0
363.725120045943,212.11286689993,20,0
362.863387543941,211.973631389439,20,0
362.001655019005,211.834395969287,20,0
361.139922467992,211.695160649717,20,0
360.279158613994,211.547481049784,20,0
359.419593760977,211.389349539764,20,0
358.560028881999,211.231218120083,20,0
357.700463971938,211.073086800054,20,0
356.840899033938,210.914955569431,20,0
355.98133406695,210.756824439391,20,0
355.122105198912,210.596076769754,20,0
354.264961573994,210.419096109457,20,0
353.407817916945,210.242115549743,20,0
352.550674226019,210.065135089681,20,0
351.693530502962,209.888154709712,20,0
350.83638674696,209.711174429394,20,0
349.979242958012,209.53419424966,20,0
349.124320848961,209.34159807954,20,0
348.26985132799,209.145820599981,20,0
347.415381768951,208.950043209828,20,0
346.56091217394,208.754265919328,20,0
345.706442540977,208.558488720097,20,0
344.851972871926,208.362711609341,20,0
343.999032810912,208.157139520161,20,0
343.147489550989,207.942622889765,20,0
342.295946248923,207.728106349707,20,0
341.444402904948,207.513589899987,20,0
340.592859520926,207.299073549919,20,0
339.741316094995,207.084557279944,20,0
338.89045466797,206.866032639518,20,0
338.042088927003,206.632840150036,20,0
337.193723140983,206.399647759274,20,0
336.345357310958,206.166455459781,20,0
335.496991435997,205.93326325994,20,0
334.648625514936,205.700071149506,20,0
333.800259550917,205.46687912941,20,0
332.95500134991,205.216818189248,20,0
332.11006340594,204.965018769726,20,0
331.26512541296,204.713219429366,20,0
330.42018736992,204.461420189589,20,0
329.575249277987,204.20962104015,20,0
328.730311137973,203.957821969874,20,0
327.897516092984,203.652365979739,20,0
327.07286702597,203.310915069655,20,0
326.248217892949,202.969464260153,20,0
325.423568691942,202.628013529815,20,0
324.598919423996,202.286562889814,20,0
323.774270089925,201.945112340152,20,0
322.949620687985,201.603661869653,20,0
322.124971218989,201.262211489491,20,0
321.300321683986,200.920761209913,20,0
320.475672081928,200.579311009496,20,0
319.65102241491,200.237860890105,20,0
318.826372678974,199.896410869435,20,0
318.001722876914,199.554960940033,20,0
317.177073007915,199.213511089794,20,0
316.352423071978,198.872061329894,20,0
315.527773068985,198.5306116594,20,0
314.703122998937,198.189162069932,20,0
313.87847286195,197.84771256987,20,0
313.053822660004,197.50626316946,20,0
312.229172388907,197.164813850075,20,0
311.404522051918,196.823364609852,20,0
310.579871647991,196.481915469281,20,0
309.755221177009,196.14046641998,20,0
308.930570638971,195.799017449841,20,0
308.105920034926,195.45756857004,20,0
307.281269363943,195.116119779646,20,0
306.456618625903,194.774671069346,20,0
305.631967821973,194.433222459629,20,0
304.80731694994,194.091773930006,20,0
303.982666009921,193.750325489789,20,0
303.158015004941,193.408877139911,20,0
302.333363932907,193.06742887944,20,0
301.508712793933,192.725980699994,20,0
300.684061587905,192.384532609954,20,0
299.859410314937,192.043084619567,20,0
299.034758975962,191.701636709273,20,0
298.210107569932,191.360188880004,20,0
297.385456095915,191.018741149455,20,0
296.560804556007,190.677293499932,20,0
295.736152948928,190.335845939815,20,0
294.911501273979,189.994398470037,20,0
294.086849533953,189.652951089665,20,0
293.262197725941,189.311503789388,20,0
292.437545852968,188.970056579448,20,0
291.61289391201,188.628609470092,20,0
290.788241903996,188.287162439898,20,0
289.963589828927,187.945715489797,20,0
289.138937686919,187.604268639348,20,0
288.314285478904,187.262821869925,20,0
287.48963320395,186.921375189908,20,0
286.664980861009,186.579928599298,20,0
285.840328452992,186.238482099958,20,0
285.015675975941,185.897035690025,20,0
284.19102343393,185.555589359254,20,0
283.366370823933,185.214143119752,20,0
282.541718147928,184.872696969658,20,0
281.717065403936,184.531250909902,20,0
280.892412593937,184.189804939553,20,0
280.067759717931,183.848359049298,20,0
279.243106774986,183.506913249381,20,0
278.418453763938,183.165467539802,20,0
277.593800686998,182.82402191963,20,0
276.769147540908,182.482576389797,20,0
275.944494329975,182.141130940057,20,0
275.119841051986,181.799685579725,20,0
274.29518770799,181.45824030973,20,0
273.470534296008,181.116795130074,20,0
272.645880818949,180.775350039825,20,0
271.821227272972,180.433905029669,20,0
270.996573660988,180.092460109852,20,0
270.171919981949,179.751015279442,20,0
269.347266237019,179.40957053937,20,0
268.522612423985,179.068125889637,20,0
267.697958542965,178.726681319997,20,0
266.873304596986,178.385236839764,20,0
266.048650584999,178.043792449869,20,0
265.223996504908,177.702348149382,20,0
264.399342357996,177.360903940164,20,0
263.57468814496,177.019459810108,20,0
262.750033863937,176.678015779704,20,0
261.925379516906,176.336571829394,20,0
261.100725102937,175.995127969421,20,0
260.276070621912,175.653684189543,20,0
259.451416074997,175.312240509316,20,0
258.626761459978,174.970796910115,20,0
257.802106777905,174.629353399389,20,0
256.977452029008,174.287909979932,20,0
256.152797213988,173.946466649883,20,0
255.328142331913,173.605023410171,20,0
254.503487383015,173.263580249622,20,0
253.678832367994,172.922137179412,20,0
252.854177285917,172.58069419954,20,0
252.029522137018,172.239251310006,20,0
251.204866920947,171.897808499634,20,0
250.380211637937,171.556365779601,20,0
249.555556286941,171.214923149906,20,0
248.730900869938,170.873480619863,20,0
247.906245385995,170.532038159668,20,0
247.081589835929,170.190595800057,20,0
246.256934219971,169.849153519608,20,0
245.432278535911,169.507711329497,20,0
244.607622784912,169.166269229725,20,0
243.782966966974,168.82482721936,20,0
242.95831108198,168.483385299332,20,0
242.13365513098,168.141943459399,20,0
241.308999112924,167.800501709804,20,0
240.484343026998,167.459060049616,20,0
239.659686875995,167.117618479766,20,0
238.835030657006,166.776176999323,20,0
238.010374370962,166.434735599905,20,0
237.185718018911,166.093294289894,20,0
236.36106159992,165.751853069291,20,0
235.536405113991,165.410411939956,20,0
234.711748561007,165.068970900029,20,0
233.887091940967,164.727529939264,20,0
233.06243525492,164.386089069769,20,0
232.237778501934,164.04464828968,20,0
231.413121679914,163.70320759993,20,0
230.588464792934,163.361766999587,20,0
229.763807839015,163.020326479338,20,0
228.939150817925,162.678886049427,20,0
228.114493730944,162.337445720099,20,0
227.289836575976,161.996005459689,20,0
226.465179355931,161.654565299861,20,0
225.640522068017,161.313125220127,20,0
224.815864712931,160.971685240045,20,0
223.991207290906,160.630245340057,20,0
223.166549801943,160.288805529475,20,0
222.341892245924,159.947365799919,20,0
221.517234622966,159.605926170014,20,0
220.692576934001,159.264486619271,20,0
219.867919178912,158.923047159798,20,0
219.043261355953,158.581607789733,20,0
218.218603466987,158.240168510005,20,0
217.393945509917,157.89872930944,20,0
216.569287486956,157.557290209457,20,0
215.744629396941,157.215851189569,20,0
214.919971239986,156.874412260018,20,0
214.095313015976,156.53297340963,20,0
213.270654725959,156.191534659825,20,0
212.445996366907,155.850095990114,20,0
211.621337943012,155.50865740981,20,0
210.796679451945,155.167218919843,20,0
209.97202089394,154.825780519284,20,0
209.147362268995,154.484342209995,20,0
208.322703576996,154.142903979868,20,0
207.498044817941,153.801465840079,20,0
206.673385993927,153.460027789697,20,0
205.848727101926,153.118589829654,20,0
205.024068142986,152.777151949704,20,0
204.199409115943,152.435714169405,20,0
203.374750023009,152.094276470132,20,0
202.550090862904,151.752838859335,20,0
201.725431636907,151.411401339807,20,0
200.900772343972,151.069963899441,20,0
200.076112983981,150.728526559658,20,0
199.251453557983,150.387089299969,20,0
198.426794063998,150.045652129687,20,0
197.602134502959,149.704215049744,20,0
196.777474875911,149.362778049894,20,0
195.952815180994,149.021341149695,20,0
195.128155418905,148.679904329591,20,0
194.303495590924,148.338467599824,20,0
193.478835696937,147.997030959465,20,0
192.65417573601,147.65559440013,20,0
191.829515706981,147.314157939516,20,0
191.004855611944,146.972721559927,20,0
190.180195449968,146.631285269745,20,0
189.355535220937,146.289849069901,20,0
188.530874924967,145.948412959464,20,0
187.706214561942,145.606976930052,20,0
186.88155413291,145.265540990047,20,0
186.056893636938,144.924105139449,20,0
185.23223307298,144.582669380121,20,0
184.407572443015,144.241233709268,20,0
183.582911745994,143.899798119441,20,0
182.758250982966,143.558362629265,20,0
181.933590151952,143.216927220114,20,0
181.10892925493,142.875491899438,20,0
180.290377161931,142.51348040998,20,0
179.490233008983,142.089466069825,20,0
178.690088771982,141.665451809764,20,0
177.889944451978,141.241437640041,20,0
177.089800050016,140.817423549481,20,0
176.289655566914,140.393409549259,20,0
175.489511000924,139.969395630062,20,0
174.689366351929,139.545381790027,20,0
173.889221620979,139.121368039399,20,0
173.089076809934,138.697354369797,20,0
172.288931913907,138.273340789601,20,0
171.488786935923,137.849327289499,20,0
170.688641876914,137.425313869491,20,0
169.888496735948,137.001300529577,20,0
169.088351511979,136.577287280001,20,0
168.288206205005,136.153274109587,20,0
167.488060815958,135.729261029512,20,0
166.687915346003,135.30524802953,20,0
165.889541917946,134.876015779562,20,0
165.094555674004,134.436807299964,20,0
164.299569343915,133.997598899528,20,0
163.504582930007,133.558390589431,20,0
162.709596429951,133.119182350114,20,0
161.914609843981,132.679974199273,20,0
161.119623175007,132.240766139701,20,0
160.324636420002,131.801558149979,20,0
159.529649580014,131.362350249663,20,0
158.734662656905,130.923142439686,20,0
157.93967564695,130.483934699558,20,0
157.144688552944,130.044727049768,20,0
156.349701372907,129.605519480072,20,0
155.554714108934,129.166311989538,20,0
154.759726760909,128.72710458003,20,0
153.96473932697,128.287897259928,20,0
153.169751808979,127.84869001992,20,0
152.374764203909,127.409482860006,20,0
151.582112035947,126.963665870018,20,0
150.792459159973,126.509360199794,20,0
150.002806197968,126.055054609664,20,0
149.213153144927,125.600749099627,20,0
148.423500007018,125.146443669684,20,0
147.633846779936,124.69213833008,20,0
146.844193466939,124.237833069637,20,0
146.054540065932,123.783527889289,20,0
145.264886577963,123.329222789966,20,0
144.475233000936,122.874917769805,20,0
143.685579336947,122.420612839982,20,0
142.895925584948,121.966307989322,20,0
142.106271746918,121.512003209442,20,0
141.316617819946,121.0576985199,20,0
140.526963806944,120.603393919766,20,0
139.737309705932,120.149089389481,20,0
138.947655516909,119.694784949534,20,0
138.158001240925,119.240480579436,20,0
137.371278267936,118.778195859864,20,0
136.587133046007,118.308893269859,20,0
135.802987731993,117.839590779506,20,0
135.018842328922,117.370288359933,20,0
134.234696835978,116.900986019522,20,0
133.45055125095,116.43168376945,20,0
132.666405578959,115.962381599471,20,0
131.882259813952,115.493079499342,20,0
131.098113961983,115.02377748955,20,0
130.313968016999,114.554475559853,20,0
129.529821984936,114.085173709318,20,0
128.745675859973,113.615871939808,20,0
127.961529647,113.146570249461,20,0
127.177383342991,112.677268640138,20,0
126.393236947944,112.207967109978,20,0
125.609090465005,111.738665659912,20,0
124.82494388998,111.269364289939,20,0
124.040797226946,110.800063009374,20,0
123.260209855973,110.321431829594,20,0
122.481745354948,109.837235939689,20,0
121.703280761954,109.353040119633,20,0
120.924816075014,108.868844389915,20,0
120.14635129692,108.38464873936,20,0
119.367886425927,107.90045316983,20,0
118.589421462966,107.416257670149,20,0
117.810956406989,106.932062259875,20,0
117.032491257996,106.447866929695,20,0
116.254026017967,105.963671669364,20,0
115.47556068399,105.479476499371,20,0
114.697095259908,104.995281409472,20,0
113.918629740947,104.511086389422,20,0
113.140164130018,104.026891459711,20,0
112.361698427936,103.542696599849,20,0
111.583232630976,103.058501829393,20,0
110.804766742978,102.574307129718,20,0
110.026300761965,102.09011251945,20,0
109.252053809003,101.595260379836,20,0
108.479441848933,101.096278059296,20,0
107.706829793984,100.597295809537,20,0
106.934217642993,100.098313650116,20,0
106.161605397007,99.5993315596133,20,0
105.388993056957,99.1003495501354,20,0
104.616380621912,98.6013676198199,20,0
103.84376809292,98.1023857695982,20,0
103.071155468002,97.6034039994702,20,0
102.298542746925,97.1044223094359,20,0
101.525929932017,96.6054406892508,20,0
100.753317022929,96.1064591500908,20,0
99.9807040189626,95.6074776994064,20,0
99.2080909200013,95.1084963195026,20,0
98.4354777259287,94.6095150196925,20,0
97.6628644369776,94.1105337999761,20,0
96.8902510529151,93.6115526501089,20,0
96.1176375739742,93.1125715896487,20,0
95.3392087989487,92.6283400896937,20,0
94.5594599579927,92.1474565900862,20,0
93.7797110259999,91.6665731798858,20,0
92.9999620009912,91.1856898395345,20,0
92.2202128829667,90.7048065895215,20,0
91.441459420952,90.2213944494724,20,0
90.6684121979633,89.7234896393493,20,0
89.895364878932,89.2255849000066,20,0
89.1223174670013,88.7276802398264,20,0
88.3492699599592,88.22977565974,20,0
87.5762223569909,87.7318711495027,20,0
86.8065147999441,87.2258299496025,20,0
86.0403947369196,86.7110492195934,20,0
85.2742745779688,86.1962685696781,20,0
84.5081543199485,85.6814879896119,20,0
83.7420339669334,85.1667074998841,20,0
82.9759135139175,84.6519270800054,20,0
82.2156263899524,84.1235031094402,20,0
81.4566571039613,83.5919967293739,20,0
80.6976877159905,83.0604904294014,20,0
79.9387182299979,82.5289841992781,20,0
79.1797486429568,81.9974780399352,20,0
78.4218795539346,81.4634983194992,20,0
77.6702826729743,80.915421359241,20,0
76.9186856899178,80.3673444595188,20,0
76.1670886049978,79.8192676398903,20,0
75.4154914179817,79.2711908994243,20,0
74.663894127938,78.7231142297387,20,0
73.9159626289038,78.1671136999503,20,0
73.1719574310118,77.6026261998341,20,0
72.4279521299759,77.038138769567,20,0
71.6839467239333,76.4736514193937,20,0
70.9399412130006,75.9091641400009,20,0
70.1959355969448,75.344676929526,20,0
69.4583056219854,74.7669262094423,20,0
68.7221092699329,74.1861929399893,20,0
67.9859128119424,73.6054597496986,20,0
67.2497162469663,73.024726619944,20,0
66.5135195750045,72.4439935693517,20,0
65.778526283917,71.8608494298533,20,0
65.0503537720069,71.2640398293734,20,0
64.322181149968,70.6672303099185,20,0
63.5940084179165,70.0704208500683,20,0
62.8658355799271,69.4736114693806,20,0
62.1376626309939,68.8768021594733,20,0
61.4134725149488,68.2723033297807,20,0
60.6935362740187,67.6595916794613,20,0
59.9735999249388,67.0468800999224,20,0
59.253663464915,66.4341685893014,20,0
58.5337268939475,65.8214571494609,20,0
57.8137902129674,65.2087457794696,20,0
57.1007556510158,64.5831864792854,20,0
56.3892658249242,63.9547516200692,20,0
55.6777758889366,63.3263168297708,20,0
54.9662858389784,62.6978821093217,20,0
54.2547956759809,62.0694474494085,20,0
53.5446095209336,61.4386712396517,20,0
52.8417738979915,60.7946965396404,20,0
52.1389381620102,60.1507219094783,20,0
51.4361023129895,59.5067473398522,20,0
50.7332663489506,58.8627728400752,20,0
50.0304302689619,58.2187983999029,20,0
49.331884495914,57.5673897294328,20,0
48.6379081149353,56.9080632198602,20,0
47.9439316180069,56.2487367894501,20,0
47.2499550059438,55.5894104093313,20,0
46.5559782769997,54.9300840999931,20,0
45.8620014350163,54.2707578493282,20,0
45.1754359490005,53.5990337599069,20,0
44.4905213729944,52.9245478995144,20,0
43.8056066819699,52.2500621099025,20,0
43.120691871969,51.5755763798952,20,0
42.4357769460184,50.901090699248,20,0
41.7522641000105,50.2243399396539,20,0
41.0766113710124,49.5348915392533,20,0
40.4009585219901,48.8454431993887,20,0
39.7253055570181,48.15599492006,20,0
39.0496524729533,47.4665467096493,20,0
38.3739992689807,46.7770985495299,20,0
37.7029334389372,46.0804917700589,20,0
37.0367396569345,45.3762821396813,20,0
36.3705457559554,44.6720725595951,20,0
35.7043517339043,43.9678630493581,20,0
35.0381575939245,43.2636535894126,20,0
34.3719633339206,42.5594441993162,20,0
33.713671056903,41.8433204395697,20,0
33.0571306799538,41.1245551193133,20,0
32.4005901839118,40.4057898595929,20,0
31.7440495669143,39.6870246594772,20,0
31.087508830009,38.9682595198974,20,0
30.4324654029915,38.2473125392571,20,0
29.785770196002,37.5142012797296,20,0
29.1390748689882,36.7810900798067,20,0
28.4923794199713,36.0479789394885,20,0
27.8456838499987,35.3148678494617,20,0
27.1989881579066,34.5817568199709,20,0
26.5571656879038,33.8417824395001,20,0
25.9205042999238,33.0945392893627,20,0
25.2838427909883,32.3472961997613,20,0
24.6471811590018,31.60005315952,20,0
24.0105194059433,30.8528101798147,20,0
23.3738575309981,30.1055672494695,20,0
22.7455683249282,29.3469256097451,20,0
22.1191265989328,28.5857686800882,20,0
21.4926847500028,27.824611810036,20,0
20.8662427779054,27.0634549893439,20,0
20.2398006839212,26.3022982198745,20,0
19.6149479990127,25.5390494996682,20,0
18.998908916954,24.7642009099945,20,0
18.3828697109129,23.9893523799255,20,0
17.766830381006,23.214503900148,20,0
17.1507909299107,22.439655479975,20,0
16.5347513549495,21.664807099849,20,0
15.9238588409498,20.883409589529,20,0
15.3184021029156,20.0950955692679,20,0
14.7129452429945,19.3067816095427,20,0
14.1074882609537,18.5184677001089,20,0
13.5020311539993,17.7301538400352,20,0
12.8965739220148,16.9418400293216,20,0
12.299938840908,16.1426740195602,20,0
11.7052411859622,15.3411246798933,20,0
11.1105434079655,14.5395753793418,20,0
10.5158455069177,13.7380261393264,20,0
9.92114748095628,12.9364769496024,20,0
9.32812755892519,12.1329321097583,20,0
8.74436270899605,11.3183813598007,20,0
8.16059773298912,10.5038306601346,20,0
7.57683263591025,9.68928000982851,20,0
6.99306741496548,8.87472939956933,20,0
6.40930206899066,8.06017883960158,20,0
5.83094486198388,7.23941150959581,20,0
5.25828309799545,6.41209715977311,20,0
4.68562120990828,5.58478285931051,20,0
4.11295920191333,4.7574685998261,20,0
3.54029706690926,3.93015438970178,20,0
2.96763480897062,3.10284021962434,20,0
