x,y,v_ref,acc
0,0,20,0
0.0270000000018626,-1,20,0
0.0540000000037253,-1.99899999983609,20,0
0.0810000000055879,-2.99899999983609,20,0
0.108000000007451,-3.99899999983609,20,0
0.135000000009313,-4.99799999967217,20,0
0.162000000011176,-5.99799999967217,20,0
0.189999999944121,-6.99799999967217,20,0
0.216999999945983,-7.99699999950826,20,0
0.243999999947846,-8.99699999950826,20,0
0.270999999949709,-9.99600000027567,20,0
0.297999999951571,-10.9960000002757,20,0
0.324999999953434,-11.9960000002757,20,0
0.351999999955297,-12.9950000001118,20,0
0.378999999957159,-13.9950000001118,20,0
0.405999999959022,-14.9950000001118,20,0
0.434000000008382,-15.9939999999478,20,0
0.461000000010245,-16.9939999999478,20,0
0.488000000012107,-17.9929999997839,20,0
0.51500000001397,-18.9929999997839,20,0
0.542000000015833,-19.9929999997839,20,0
0.569000000017695,-20.99199999962,20,0
0.596000000019558,-21.99199999962,20,0
0.62300000002142,-22.99199999962,20,0
0.650000000023283,-23.9909999994561,20,0
0.677999999956228,-24.9909999994561,20,0
0.704999999958091,-25.9909999994561,20,0
0.731999999959953,-26.9900000002235,20,0
0.758999999961816,-27.9900000002235,20,0
0.785999999963678,-28.9890000000596,20,0
0.812999999965541,-29.9890000000596,20,0
0.839999999967404,-30.9890000000596,20,0
0.866999999969266,-31.9879999998957,20,0
0.893999999971129,-32.9879999998957,20,0
0.920999999972992,-33.9879999998957,20,0
0.949000000022352,-34.9869999997318,20,0
0.976000000024214,-35.9869999997318,20,0
1.00300000002608,-36.9869999997318,20,0
1.02999999991152,-37.9859999995679,20,0
1.05699999991339,-38.9859999995679,20,0
1.08399999991525,-39.9849999994039,20,0
1.11099999991711,-40.984999999404,20,0
1.13799999991898,-41.984999999404,20,0
1.16499999992084,-42.9840000001714,20,0
1.1929999999702,-43.9840000001714,20,0
1.21999999997206,-44.9840000001714,20,0
1.24699999997392,-45.9830000000075,20,0
1.27399999997579,-46.9830000000075,20,0
1.30099999997765,-47.9819999998435,20,0
1.32799999997951,-48.9819999998435,20,0
1.35499999998137,-49.9819999998435,20,0
1.38199999998324,-50.9809999996796,20,0
1.4089999999851,-51.9809999996796,20,0
1.43699999991804,-52.9809999996796,20,0
1.46399999991991,-53.9799999995157,20,0
1.49099999992177,-54.9799999995157,20,0
1.51799999992363,-55.9799999995157,20,0
1.54499999992549,-56.9790000002831,20,0
1.57199999992736,-57.9790000002831,20,0
1.59899999992922,-58.9780000001192,20,0
1.62599999993108,-59.9780000001192,20,0
1.65299999993294,-60.9780000001192,20,0
1.67999999993481,-61.9769999999553,20,0
1.70799999998417,-62.9769999999553,20,0
1.73499999998603,-63.9769999999553,20,0
1.76199999998789,-64.9759999997914,20,0
1.78899999998976,-65.9759999997914,20,0
1.81599999999162,-66.9749999996275,20,0
1.84299999999348,-67.9749999996275,20,0
1.86999999999534,-68.9749999996275,20,0
1.89699999999721,-69.9739999994636,20,0
1.92399999999907,-70.9739999994636,20,0
1.95199999993201,-71.9739999994636,20,0
1.97899999993388,-72.973000000231,20,0
2.00599999993574,-73.973000000231,20,0
2.0329999999376,-74.973000000231,20,0
2.05999999993946,-75.9720000000671,20,0
2.08699999994133,-76.9720000000671,20,0
2.11399999994319,-77.9709999999031,20,0
2.14099999994505,-78.9709999999031,20,0
2.16799999994691,-79.9709999999031,20,0
2.19599999999627,-80.9699999997392,20,0
2.22299999999814,-81.9699999997392,20,0
2.25,-82.9699999997392,20,0
2.27700000000186,-83.9689999995753,20,0
2.30400000000373,-84.9689999995753,20,0
2.33100000000559,-85.9679999994114,20,0
2.35800000000745,-86.9679999994114,20,0
2.38500000000931,-87.9679999994114,20,0
2.41200000001118,-88.9670000001788,20,0
2.43900000001304,-89.9670000001788,20,0
2.46699999994598,-90.9670000001788,20,0
2.49399999994785,-91.9660000000149,20,0
2.52099999994971,-92.9660000000149,20,0
2.54799999995157,-93.9660000000149,20,0
2.57499999995343,-94.964999999851,20,0
2.6019999999553,-95.964999999851,20,0
2.62899999995716,-96.9639999996871,20,0
2.65599999995902,-97.9639999996871,20,0
2.68299999996088,-98.9639999996871,20,0
2.71100000001024,-99.9629999995232,20,0
2.73800000001211,-100.962999999523,20,0
2.76500000001397,-101.962999999523,20,0
2.79200000001583,-102.962000000291,20,0
2.8190000000177,-103.962000000291,20,0
2.84600000001956,-104.962000000291,20,0
2.87300000002142,-105.961000000127,20,0
2.90000000002328,-106.961000000127,20,0
2.92700000002515,-107.959999999963,20,0
2.95499999995809,-108.959999999963,20,0
2.98199999995995,-109.959999999963,20,0
3.00899999996182,-110.958999999799,20,0
3.08399999991525,-111.953999999911,20,0
3.25799999991432,-112.939000000246,20,0
3.4419999999227,-113.922000000253,20,0
3.63299999991432,-114.902999999933,20,0
3.83699999994133,-115.882000000216,20,0
4.04599999997299,-116.859999999404,20,0
4.27000000001863,-117.834999999963,20,0
4.49699999997392,-118.808999999426,20,0
4.73899999994319,-119.779000000097,20,0
4.98699999996461,-120.747999999672,20,0
5.24499999999534,-121.713999999687,20,0
5.51299999991898,-122.677000000142,20,0
5.78799999994226,-123.638000000268,20,0
6.07600000000093,-124.595999999903,20,0
6.36800000001676,-125.553000000305,20,0
6.67499999993015,-126.503999999724,20,0
6.98599999991711,-127.455000000075,20,0
7.30999999993946,-128.400999999605,20,0
7.64099999994505,-129.343999999575,20,0
7.98199999995995,-130.283999999985,20,0
8.33100000000559,-131.220999999903,20,0
8.68900000001304,-132.155000000261,20,0
9.05799999996088,-133.084999999963,20,0
9.43099999998231,-134.012000000104,20,0
9.8190000000177,-134.933999999426,20,0
10.2110000000102,-135.854000000283,20,0
10.6159999999218,-136.768000000156,20,0
11.0270000000019,-137.679999999702,20,0
11.4469999999274,-138.587000000291,20,0
11.8769999999786,-139.490000000224,20,0
12.3129999999655,-140.389999999665,20,0
12.7609999999404,-141.283999999985,20,0
13.2129999999888,-142.175999999978,20,0
13.6790000000037,-143.060999999754,20,0
14.1489999999758,-143.944000000134,20,0
14.6309999999357,-144.820000000298,20,0
15.1189999999478,-145.69299999997,20,0
15.6159999999218,-146.55999999959,20,0
16.1219999999739,-147.422999999486,20,0
16.6350000000093,-148.281999999657,20,0
17.1579999999376,-149.133999999613,20,0
17.6849999999395,-149.983000000007,20,0
18.2260000000242,-150.824000000022,20,0
18.7700000000186,-151.662999999709,20,0
19.3260000000009,-152.493999999948,20,0
19.887999999919,-153.321999999695,20,0
20.4579999999842,-154.143000000156,20,0
21.0359999999637,-154.958999999799,20,0
21.6209999999264,-155.770999999717,20,0
22.2160000000149,-156.574000000022,20,0
22.814000000013,-157.375,20,0
23.4259999999776,-158.166999999434,20,0
24.0399999999208,-158.956000000238,20,0
24.6659999999683,-159.735999999568,20,0
25.295999999973,-160.512000000104,20,0
25.935999999987,-161.280999999493,20,0
26.5819999999367,-162.043999999762,20,0
27.2339999999385,-162.802000000142,20,0
27.8969999999972,-163.550999999978,20,0
28.561999999918,-164.297999999486,20,0
29.2399999999907,-165.032999999821,20,0
29.9199999999255,-165.765999999829,20,0
30.609999999986,-166.48900000006,20,0
31.3059999999823,-167.207999999635,20,0
32.0089999999618,-167.918999999762,20,0
32.7189999999246,-168.622999999672,20,0
33.4340000000084,-169.321999999695,20,0
34.1579999999376,-170.01099999994,20,0
34.8850000000093,-170.697999999858,20,0
35.6239999999525,-171.371999999508,20,0
36.3649999999907,-172.043999999762,20,0
37.1149999999907,-172.705000000075,20,0
37.8699999999953,-173.360999999568,20,0
38.6319999999832,-174.008999999613,20,0
39.4000000000233,-174.649000000209,20,0
40.1729999999516,-175.282999999821,20,0
40.9539999999106,-175.907999999821,20,0
41.7369999999646,-176.529000000097,20,0
42.5320000000065,-177.137000000104,20,0
43.3279999999795,-177.74199999962,20,0
44.1319999999832,-178.336000000127,20,0
44.9409999999916,-178.92399999965,20,0
45.7550000000047,-179.503999999724,20,0
46.5760000000009,-180.075000000186,20,0
47.4009999999544,-180.640999999829,20,0
48.2330000000075,-181.195999999531,20,0
49.0669999999227,-181.746999999508,20,0
49.9109999999637,-182.283999999985,20,0
50.7559999999357,-182.81799999997,20,0
51.6089999999385,-183.339999999851,20,0
52.4649999999674,-183.856999999844,20,0
53.326999999932,-184.36400000006,20,0
54.1940000000177,-184.862999999896,20,0
55.064000000013,-185.354999999516,20,0
55.9409999999916,-185.836000000127,20,0
56.8199999999488,-186.313000000082,20,0
57.7060000000056,-186.774999999441,20,0
58.5949999999721,-187.234000000171,20,0
59.4889999999432,-187.680999999866,20,0
60.3869999999879,-188.121999999508,20,0
61.2889999999898,-188.553000000305,20,0
62.1959999999963,-188.974999999627,20,0
63.1049999999814,-189.390999999829,20,0
64.0209999999497,-189.793999999762,20,0
64.936999999918,-190.19299999997,20,0
65.8609999999171,-190.576999999583,20,0
66.7849999999162,-190.957999999635,20,0
67.7149999999674,-191.325999999419,20,0
68.6469999999972,-191.688000000082,20,0
69.5829999999842,-192.038999999873,20,0
70.5229999999283,-192.381000000052,20,0
71.4649999999674,-192.717000000179,20,0
72.3989999999758,-193.075000000186,20,0
73.3310000000056,-193.438000000082,20,0
74.2679999999236,-193.785000000149,20,0
75.2079999999842,-194.12799999956,20,0
76.1509999999544,-194.458999999799,20,0
77.0969999999506,-194.782999999821,20,0
78.0470000000205,-195.098000000231,20,0
78.9989999999525,-195.400999999605,20,0
79.9539999999106,-195.700000000186,20,0
80.9129999999423,-195.983000000007,20,0
81.8730000000214,-196.263000000268,20,0
82.8369999999413,-196.527999999933,20,0
83.8029999999562,-196.786999999546,20,0
84.7709999999497,-197.036000000313,20,0
85.7419999999693,-197.274999999441,20,0
86.7149999999674,-197.507000000216,20,0
87.6909999999916,-197.725999999791,20,0
88.6670000000158,-197.939999999478,20,0
89.6479999999283,-198.138999999501,20,0
90.6289999999572,-198.332999999635,20,0
91.6119999999646,-198.514999999665,20,0
92.5969999999506,-198.688000000082,20,0
93.5829999999842,-198.853000000119,20,0
94.5709999999963,-199.004999999888,20,0
95.5599999999395,-199.152999999933,20,0
96.5520000000251,-199.285000000149,20,0
97.5429999999469,-199.412999999709,20,0
98.5370000000112,-199.526999999769,20,0
99.530999999959,-199.632999999449,20,0
100.525999999954,-199.729999999516,20,0
101.522999999928,-199.815999999642,20,0
102.520000000019,-199.895999999717,20,0
103.516999999993,-199.959999999963,20,0
104.515999999945,-200.020999999717,20,0
105.513999999966,-200.066999999806,20,0
106.513999999966,-200.106999999844,20,0
107.512999999919,-200.134999999776,20,0
108.512999999919,-200.154000000097,20,0
109.512999999919,-200.165000000037,20,0
110.512999999919,-200.161999999546,20,0
111.512999999919,-200.155999999493,20,0
112.512999999919,-200.132999999449,20,0
113.511999999988,-200.10599999968,20,0
114.51099999994,-200.064999999478,20,0
115.510000000009,-200.016999999993,20,0
116.508999999962,-199.958999999799,20,0
117.505999999936,-199.889999999665,20,0
118.503000000026,-199.814999999478,20,0
119.498999999953,-199.724999999627,20,0
120.494999999995,-199.631000000052,20,0
121.488999999943,-199.521999999881,20,0
122.48199999996,-199.406999999657,20,0
123.473999999929,-199.280999999493,20,0
124.464999999967,-199.144999999553,20,0
125.454999999958,-199.002000000328,20,0
126.441999999923,-198.844999999739,20,0
127.429000000004,-198.683999999426,20,0
128.412999999942,-198.507000000216,20,0
129.396999999997,-198.325999999419,20,0
130.378000000026,-198.132000000216,20,0
131.35699999996,-197.929999999702,20,0
132.334999999963,-197.718999999575,20,0
133.309000000008,-197.496000000276,20,0
134.282999999938,-197.26900000032,20,0
135.253000000026,-197.024999999441,20,0
136.221999999951,-196.777999999933,20,0
137.187999999966,-196.518000000156,20,0
138.150999999954,-196.25,20,0
139.111999999965,-195.973000000231,20,0
140.069999999949,-195.68499999959,20,0
141.025999999954,-195.391999999993,20,0
141.976999999955,-195.083999999799,20,0
142.927000000025,-194.771999999881,20,0
143.871999999974,-194.445999999531,20,0
144.815999999992,-194.115000000224,20,0
145.755000000005,-193.771999999881,20,0
146.691999999923,-193.421000000089,20,0
147.625,-193.061999999918,20,0
148.554000000004,-192.690999999642,20,0
149.480999999912,-192.316999999806,20,0
150.402000000002,-191.925999999978,20,0
151.320999999996,-191.531999999657,20,0
152.233999999939,-191.126000000164,20,0
153.145000000019,-190.712999999523,20,0
154.052000000025,-190.291000000201,20,0
154.95299999998,-189.859000000171,20,0
155.853000000003,-189.421000000089,20,0
156.744999999995,-188.969999999739,20,0
157.63599999994,-188.514999999665,20,0
158.518999999971,-188.047000000253,20,0
159.400000000023,-187.574000000022,20,0
160.275999999954,-187.091000000015,20,0
161.14599999995,-186.598999999464,20,0
162.012999999919,-186.100999999791,20,0
162.873999999953,-185.591000000015,20,0
163.73199999996,-185.076999999583,20,0
164.581000000006,-184.549999999814,20,0
165.430999999982,-184.023000000045,20,0
166.283999999985,-183.5,20,0
167.131999999983,-182.970999999903,20,0
167.974999999977,-182.433000000194,20,0
168.814000000013,-181.888000000268,20,0
169.647999999928,-181.336000000127,20,0
170.476000000024,-180.775999999605,20,0
171.29999999993,-180.208999999799,20,0
172.116999999969,-179.632999999449,20,0
172.930999999982,-179.052000000142,20,0
173.736999999965,-178.459999999963,20,0
174.540999999968,-177.865999999456,20,0
175.33600000001,-177.258999999613,20,0
176.128999999957,-176.649999999441,20,0
176.912000000011,-176.027999999933,20,0
177.694000000018,-175.405000000261,20,0
178.466999999946,-174.769999999553,20,0
179.236999999965,-174.132000000216,20,0
179.998000000021,-173.483000000007,20,0
180.755000000005,-172.830000000075,20,0
181.505000000005,-172.168999999762,20,0
182.25,-171.502000000328,20,0
182.988999999943,-170.826999999583,20,0
183.72100000002,-170.145999999717,20,0
184.446999999927,-169.458999999799,20,0
185.167000000016,-168.764999999665,20,0
185.880999999936,-168.064999999478,20,0
186.586999999941,-167.356999999844,20,0
187.289999999921,-166.644999999553,20,0
187.98199999996,-165.92399999965,20,0
188.672000000021,-165.200000000186,20,0
189.349999999977,-164.464999999851,20,0
190.027999999933,-163.729000000283,20,0
190.691999999923,-162.981999999844,20,0
191.354999999981,-162.234000000171,20,0
192.006999999983,-161.474999999627,20,0
192.655999999959,-160.713999999687,20,0
193.293999999994,-159.945000000298,20,0
193.927999999956,-159.171000000089,20,0
194.554000000004,-158.390999999829,20,0
195.172999999952,-157.60599999968,20,0
195.784999999916,-156.814999999478,20,0
196.388999999966,-156.018000000156,20,0
196.986999999965,-155.217000000179,20,0
197.576000000001,-154.407999999821,20,0
198.159999999916,-153.597000000067,20,0
198.733000000007,-152.777999999933,20,0
199.302999999956,-151.956000000238,20,0
199.860999999917,-151.126000000164,20,0
200.417000000016,-150.294999999926,20,0
200.958999999915,-149.453999999911,20,0
201.498999999952,-148.612999999896,20,0
202.025999999954,-147.763000000268,20,0
202.54999999993,-146.911000000313,20,0
203.061999999918,-146.052000000142,20,0
203.569999999949,-145.190999999642,20,0
204.06799999997,-144.322999999858,20,0
204.559000000008,-143.452999999747,20,0
205.040999999968,-142.576999999583,20,0
205.515999999945,-141.695999999531,20,0
205.983000000007,-140.811999999918,20,0
206.440999999992,-139.922999999486,20,0
206.892999999924,-139.030999999493,20,0
207.333999999915,-138.133999999613,20,0
207.770000000019,-137.234000000171,20,0
208.194000000018,-136.327999999747,20,0
208.614999999991,-135.421000000089,20,0
209.021999999997,-134.507999999449,20,0
209.427000000025,-133.592999999411,20,0
209.815999999992,-132.672000000253,20,0
210.202999999979,-131.75,20,0
210.576999999932,-130.821999999695,20,0
210.946999999927,-129.893000000156,20,0
211.304000000004,-128.958999999799,20,0
211.655999999959,-128.024000000209,20,0
211.996999999974,-127.083999999799,20,0
212.331000000006,-126.140999999829,20,0
212.655999999959,-125.195000000298,20,0
212.972999999998,-124.246999999508,20,0
213.280999999959,-123.294999999926,20,0
213.578999999911,-122.341000000015,20,0
213.870999999926,-121.384999999776,20,0
214.150999999954,-120.424999999814,20,0
214.427000000025,-119.462999999523,20,0
214.613000000012,-118.481999999844,20,0
214.782000000007,-117.496000000276,20,0
214.949999999953,-116.509999999777,20,0
215.110999999917,-115.523000000045,20,0
215.261999999988,-114.535000000149,20,0
215.41399999999,-113.546000000089,20,0
215.562999999966,-112.558000000194,20,0
215.697999999975,-111.566999999806,20,0
215.831999999937,-110.575999999419,20,0
215.966999999946,-109.584999999963,20,0
216.087999999989,-108.592000000179,20,0
216.206000000006,-107.598999999464,20,0
216.322999999975,-106.60599999968,20,0
216.434000000008,-105.611999999732,20,0
216.533999999985,-104.61699999962,20,0
216.633999999962,-103.621999999508,20,0
216.733999999939,-102.627000000328,20,0
216.816999999923,-101.631000000052,20,0
216.900000000023,-100.633999999613,20,0
216.983999999939,-99.6380000002682,20,0
217.054999999935,-98.6399999996647,20,0
217.120999999926,-97.6430000001565,20,0
217.186999999918,-96.644999999553,20,0
217.246999999974,-95.6469999998808,20,0
217.295999999973,-94.6480000000447,20,0
217.344999999972,-93.6490000002086,20,0
217.393999999971,-92.6499999994412,20,0
217.425999999978,-91.6509999996051,20,0
217.457999999984,-90.6509999996051,20,0
217.489999999991,-89.651999999769,20,0
217.51099999994,-88.651999999769,20,0
217.525000000023,-87.651999999769,20,0
217.539999999921,-86.651999999769,20,0
217.54999999993,-85.651999999769,20,0
217.54700000002,-84.651999999769,20,0
217.543999999994,-83.651999999769,20,0
217.542000000016,-82.651999999769,20,0
217.523999999976,-81.651999999769,20,0
217.505000000005,-80.652999999933,20,0
217.485999999917,-79.6529999999329,20,0
217.466999999946,-78.6529999999329,20,0
217.447999999975,-77.6529999999329,20,0
217.429000000004,-76.6529999999329,20,0
217.408999999985,-75.6540000000969,20,0
217.390000000014,-74.6540000000969,20,0
217.370999999926,-73.6540000000969,20,0
217.351999999955,-72.6540000000969,20,0
217.332999999984,-71.6540000000969,20,0
217.314000000013,-70.6540000000969,20,0
217.294999999925,-69.6550000002608,20,0
217.275999999954,-68.6550000002608,20,0
217.256999999983,-67.6550000002608,20,0
217.238000000012,-66.6550000002608,20,0
217.217999999993,-65.6550000002608,20,0
217.199000000022,-64.6559999994934,20,0
217.179999999935,-63.6559999994934,20,0
217.160999999964,-62.6559999994934,20,0
217.141999999993,-61.6559999994934,20,0
217.123000000021,-60.6559999994934,20,0
217.103999999934,-59.6559999994934,20,0
217.084999999963,-58.6569999996573,20,0
217.065999999992,-57.6569999996573,20,0
217.04700000002,-56.6569999996573,20,0
217.027999999933,-55.6569999996573,20,0
217.007999999914,-54.6569999996573,20,0
216.988999999943,-53.6579999998212,20,0
216.969999999972,-52.6579999998212,20,0
216.951000000001,-51.6579999998212,20,0
216.931999999913,-50.6579999998212,20,0
216.912999999942,-49.6579999998212,20,0
216.893999999971,-48.6579999998212,20,0
216.875,-47.6589999999851,20,0
216.855999999912,-46.6589999999851,20,0
216.836999999941,-45.6589999999851,20,0
216.816999999923,-44.6589999999851,20,0
216.797999999952,-43.6589999999851,20,0
216.77899999998,-42.660000000149,20,0
216.760000000009,-41.660000000149,20,0
216.740999999922,-40.660000000149,20,0
216.721999999951,-39.660000000149,20,0
216.70299999998,-38.660000000149,20,0
216.684000000008,-37.6610000003129,20,0
216.664999999921,-36.6610000003129,20,0
216.64599999995,-35.6610000003129,20,0
216.626999999979,-34.6610000003129,20,0
216.60699999996,-33.6610000003129,20,0
216.587999999989,-32.6610000003129,20,0
216.569000000018,-31.6619999995455,20,0
216.54999999993,-30.6619999995455,20,0
216.530999999959,-29.6619999995455,20,0
216.511999999988,-28.6619999995455,20,0
216.493000000017,-27.6619999995455,20,0
216.473999999929,-26.6629999997094,20,0
216.454999999958,-25.6629999997094,20,0
216.435999999987,-24.6629999997094,20,0
216.415999999968,-23.6629999997094,20,0
216.396999999997,-22.6629999997094,20,0
216.378000000026,-21.6629999997094,20,0
216.358999999939,-20.6639999998733,20,0
216.339999999967,-19.6639999998733,20,0
216.320999999996,-18.6639999998733,20,0
216.302000000025,-17.6639999998733,20,0
216.282999999938,-16.6639999998733,20,0
216.263999999966,-15.6650000000373,20,0
216.244999999995,-14.6650000000373,20,0
216.226000000024,-13.6650000000373,20,0
216.206000000006,-12.6650000000373,20,0
216.186999999918,-11.6650000000373,20,0
216.167999999947,-10.6650000000373,20,0
216.148999999976,-9.66600000020117,20,0
216.130000000005,-8.66600000020117,20,0
216.110999999917,-7.66600000020117,20,0
216.091999999946,-6.66600000020117,20,0
216.072999999975,-5.66600000020117,20,0
216.054000000004,-4.66699999943376,20,0
216.034999999916,-3.66699999943376,20,0
216.015000000014,-2.66699999943376,20,0
215.995999999926,-1.66699999943376,20,0
215.976999999955,-0.666999999433756,20,0
215.957999999984,0.333000000566244,20,0
215.939000000013,1.33200000040233,20,0
215.919999999925,2.33200000040233,20,0
215.900999999954,3.33200000040233,20,0
215.881999999983,4.33200000040233,20,0
215.863000000012,5.33200000040233,20,0
215.843999999925,6.33100000023842,20,0
215.824999999953,7.33100000023842,20,0
215.804999999935,8.33100000023842,20,0
215.785999999964,9.33100000023842,20,0
215.766999999993,10.3310000002384,20,0
215.748000000021,11.3310000002384,20,0
215.728999999934,12.3300000000745,20,0
215.709999999963,13.3300000000745,20,0
215.690999999992,14.3300000000745,20,0
215.67200000002,15.3300000000745,20,0
215.652999999933,16.3300000000745,20,0
215.633999999962,17.3289999999106,20,0
215.613999999943,18.3289999999106,20,0
215.594999999972,19.3289999999106,20,0
215.576000000001,20.3289999999106,20,0
215.556999999913,21.3289999999106,20,0
215.537999999942,22.3289999999106,20,0
215.518999999971,23.3279999997467,20,0
215.5,24.3279999997467,20,0
215.480999999912,25.3279999997467,20,0
215.461999999941,26.3279999997467,20,0
215.44299999997,27.3279999997467,20,0
215.423999999999,28.3270000005141,20,0
215.40399999998,29.3270000005141,20,0
215.385000000009,30.3270000005141,20,0
215.365999999922,31.3270000005141,20,0
215.346999999951,32.3270000005141,20,0
215.327999999979,33.3270000005141,20,0
215.309000000008,34.3260000003502,20,0
215.289999999921,35.3260000003502,20,0
215.27099999995,36.3260000003502,20,0
215.251999999979,37.3260000003502,20,0
215.233000000007,38.3260000003502,20,0
215.212999999989,39.3250000001863,20,0
215.194000000018,40.3250000001863,20,0
215.17499999993,41.3250000001863,20,0
215.155999999959,42.3250000001863,20,0
215.136999999988,43.3250000001863,20,0
215.118000000017,44.3250000001863,20,0
215.098999999929,45.3240000000224,20,0
215.079999999958,46.3240000000224,20,0
215.060999999987,47.3240000000224,20,0
215.042000000016,48.3240000000224,20,0
215.022999999928,49.3240000000224,20,0
215.003000000026,50.3229999998584,20,0
214.983999999939,51.3229999998584,20,0
214.964999999967,52.3229999998584,20,0
214.945999999996,53.3229999998584,20,0
214.927000000025,54.3229999998584,20,0
214.907999999938,55.3229999998584,20,0
214.888999999966,56.3219999996945,20,0
214.869999999995,57.3219999996945,20,0
214.851000000024,58.3219999996945,20,0
214.831999999937,59.3219999996945,20,0
214.811999999918,60.3219999996945,20,0
214.792999999947,61.3210000004619,20,0
214.773999999976,62.3210000004619,20,0
214.755000000005,63.3210000004619,20,0
214.735999999917,64.3210000004619,20,0
214.716999999946,65.3210000004619,20,0
214.697999999975,66.3210000004619,20,0
214.679000000004,67.320000000298,20,0
214.659999999916,68.320000000298,20,0
214.640999999945,69.320000000298,20,0
214.621999999974,70.320000000298,20,0
214.601999999955,71.320000000298,20,0
214.582999999984,72.3190000001341,20,0
214.564000000013,73.3190000001341,20,0
214.544999999926,74.3190000001341,20,0
214.525999999954,75.3190000001341,20,0
214.506999999983,76.3190000001341,20,0
214.488000000012,77.3190000001341,20,0
214.468999999925,78.3179999999702,20,0
214.449999999953,79.3179999999702,20,0
214.430999999982,80.3179999999702,20,0
214.410999999964,81.3179999999702,20,0
214.391999999993,82.3179999999702,20,0
214.373000000021,83.3169999998063,20,0
214.353999999934,84.3169999998063,20,0
214.334999999963,85.3169999998063,20,0
214.315999999992,86.3169999998063,20,0
214.322999999975,87.3169999998063,20,0
214.353000000003,88.3160000005737,20,0
214.378999999957,89.3160000005737,20,0
214.392999999924,90.3160000005737,20,0
214.405999999959,91.3160000005737,20,0
214.402000000002,92.3160000005737,20,0
214.397999999928,93.3160000005737,20,0
214.380999999936,94.3150000004098,20,0
214.359999999986,95.3150000004098,20,0
214.329999999958,96.3150000004098,20,0
214.292000000016,97.3140000002459,20,0
214.248999999952,98.313000000082,20,0
214.194000000018,99.3109999997541,20,0
214.137999999919,100.310000000522,20,0
214.065999999992,101.30700000003,20,0
213.993999999948,102.304999999702,20,0
213.907999999938,103.300999999978,20,0
213.819000000018,104.297000000253,20,0
213.719999999972,105.292000000365,20,0
213.613999999943,106.286000000313,20,0
213.501999999979,107.280000000261,20,0
213.378999999957,108.271999999881,20,0
213.255000000005,109.265000000596,20,0
213.113999999943,110.254999999888,20,0
212.973999999929,111.245000000112,20,0
212.819999999949,112.233000000007,20,0
212.662000000011,113.219999999739,20,0
212.495999999926,114.206000000238,20,0
212.320999999996,115.191000000574,20,0
212.141999999993,116.174999999814,20,0
211.951000000001,117.156000000425,20,0
211.758999999962,118.138000000268,20,0
211.550999999978,119.116000000387,20,0
211.342999999993,120.094000000507,20,0
211.120999999926,121.069000000134,20,0
210.896999999997,122.043999999762,20,0
210.662999999942,123.015999999829,20,0
210.420999999973,123.986000000499,20,0
210.17499999993,124.955000000075,20,0
209.917000000016,125.922000000253,20,0
209.657999999938,126.887000000104,20,0
209.382999999914,127.849000000395,20,0
209.108999999939,128.810999999754,20,0
208.820999999996,129.768000000156,20,0
208.529999999911,130.725000000559,20,0
208.229999999981,131.679000000469,20,0
207.92200000002,132.629999999888,20,0
207.609999999986,133.580000000075,20,0
207.285999999964,134.526000000536,20,0
206.961999999941,135.472000000067,20,0
206.621999999974,136.412999999709,20,0
206.282000000007,137.353000000119,20,0
205.929000000004,138.288999999873,20,0
205.572999999975,139.223000000231,20,0
205.207999999984,140.154000000097,20,0
204.83600000001,141.083000000566,20,0
204.458999999915,142.009000000544,20,0
204.071999999927,142.930999999866,20,0
203.682999999961,143.851999999955,20,0
203.27899999998,144.766999999993,20,0
202.875999999931,145.68200000003,20,0
202.458999999915,146.591000000015,20,0
202.039999999921,147.498999999836,20,0
201.611999999965,148.402999999933,20,0
201.177999999956,149.303000000305,20,0
200.738000000012,150.202000000514,20,0
200.287999999942,151.094000000507,20,0
199.836999999941,151.986999999732,20,0
199.370999999926,152.87200000044,20,0
198.905999999959,153.757000000216,20,0
198.427999999956,154.63599999994,20,0
197.947999999975,155.513000000268,20,0
197.458999999915,156.384999999777,20,0
196.96399999992,157.253999999724,20,0
196.462999999989,158.120000000112,20,0
195.95299999998,158.980000000447,20,0
195.439000000013,159.837000000291,20,0
194.881999999983,160.668000000529,20,0
194.321999999927,161.496000000276,20,0
193.75,162.316000000574,20,0
193.172999999952,163.13300000038,20,0
192.586999999941,163.94299999997,20,0
191.993000000017,164.747999999672,20,0
191.392999999924,165.548000000417,20,0
190.782999999938,166.339999999851,20,0
190.168999999994,167.129999999888,20,0
189.542999999947,167.908999999985,20,0
188.914999999921,168.688000000082,20,0
188.273999999976,169.455000000075,20,0
187.630000000005,170.219999999739,20,0
186.976000000024,170.976999999955,20,0
186.316999999923,171.729000000283,20,0
185.650000000023,172.473000000231,20,0
184.974999999977,173.212000000291,20,0
184.294999999926,173.945000000298,20,0
183.605999999912,174.668999999762,20,0
182.912999999942,175.390000000596,20,0
182.208999999915,176.100999999791,20,0
181.503999999957,176.809000000358,20,0
180.785999999964,177.506000000052,20,0
180.065999999992,178.200000000186,20,0
179.33600000001,178.884000000544,20,0
178.603000000003,179.563000000082,20,0
177.860999999917,180.234000000171,20,0
177.113999999943,180.898000000045,20,0
176.360999999917,181.555999999866,20,0
175.599999999977,182.205000000075,20,0
174.834999999963,182.850000000559,20,0
174.061999999918,183.483000000007,20,0
173.285999999964,184.11400000006,20,0
172.5,184.731999999844,20,0
171.71100000001,185.347000000067,20,0
170.91399999999,185.95100000035,20,0
170.113999999943,186.549999999814,20,0
169.305999999982,187.140000000596,20,0
168.493999999948,187.723000000231,20,0
167.675999999978,188.299000000581,20,0
166.851999999955,188.865000000224,20,0
166.023999999976,189.425999999978,20,0
165.189000000013,189.975999999791,20,0
164.351000000024,190.523000000045,20,0
163.505000000005,191.054999999702,20,0
162.657000000007,191.584999999963,20,0
161.800999999978,192.101999999955,20,0
160.94299999997,192.615000000224,20,0
160.07799999998,193.117000000551,20,0
159.208999999915,193.612999999896,20,0
158.33600000001,194.099000000395,20,0
157.456999999937,194.577000000514,20,0
156.574999999953,195.049000000581,20,0
155.686999999918,195.50800000038,20,0
154.797999999952,195.964999999851,20,0
153.900000000023,196.406000000425,20,0
153.001999999979,196.844999999739,20,0
152.096999999951,197.270000000484,20,0
151.189000000013,197.691000000574,20,0
150.277000000002,198.100000000559,20,0
149.360999999917,198.502000000328,20,0
148.441999999923,198.895000000484,20,0
147.517999999924,199.279000000097,20,0
146.591999999946,199.655000000261,20,0
145.660999999964,200.020000000484,20,0
144.728000000003,200.381000000052,20,0
143.789999999921,200.726999999955,20,0
142.851000000024,201.070000000298,20,0
141.905999999959,201.398000000045,20,0
140.959999999963,201.722000000067,20,0
140.010000000009,202.032999999821,20,0
139.056999999913,202.338000000454,20,0
138.101999999955,202.63300000038,20,0
137.143999999971,202.918000000529,20,0
136.182999999961,203.196000000462,20,0
135.218999999925,203.462000000291,20,0
134.253999999957,203.724000000395,20,0
133.284999999916,203.969999999739,20,0
132.314999999944,204.213999999687,20,0
131.341000000015,204.441000000574,20,0
130.365999999922,204.665000000037,20,0
129.388999999966,204.875,20,0
128.409999999916,205.078999999911,20,0
127.429000000004,205.273000000045,20,0
126.445999999996,205.457000000402,20,0
125.46100000001,205.63300000038,20,0
124.474999999977,205.797000000253,20,0
123.488000000012,205.956000000238,20,0
122.498000000021,206.100000000559,20,0
121.507999999914,206.242000000551,20,0
120.515999999945,206.366000000387,20,0
119.523999999976,206.487999999896,20,0
118.52899999998,206.594999999739,20,0
117.533999999985,206.696000000462,20,0
116.537999999942,206.786000000313,20,0
115.542000000016,206.867000000551,20,0
114.543999999994,206.939000000246,20,0
113.545999999973,207,20,0
112.547999999952,207.054999999702,20,0
111.548999999999,207.094999999739,20,0
110.548999999999,207.132000000216,20,0
109.54999999993,207.152999999933,20,0
108.54999999993,207.169999999926,20,0
107.54999999993,207.173000000417,20,0
106.54999999993,207.178000000305,20,0
105.54999999993,207.191000000574,20,0
104.54999999993,207.195000000298,20,0
103.54999999993,207.19000000041,20,0
102.54999999993,207.173000000417,20,0
101.54999999993,207.151000000536,20,0
100.550999999978,207.11400000006,20,0
99.5520000000252,207.075000000186,20,0
98.5529999999562,207.018000000156,20,0
97.5549999999348,206.958000000566,20,0
96.5579999999609,206.88300000038,20,0
95.560999999987,206.803000000305,20,0
94.5649999999441,206.711000000127,20,0
93.5709999999963,206.611000000499,20,0
92.576999999932,206.502000000328,20,0
91.5839999999153,206.381000000052,20,0
90.591999999946,206.254999999888,20,0
89.6019999999553,206.11400000006,20,0
88.6119999999646,205.969999999739,20,0
87.625,205.810000000522,20,0
86.6389999999665,205.645999999717,20,0
85.6549999999115,205.468000000343,20,0
84.6720000000205,205.283999999985,20,0
83.6909999999916,205.089999999851,20,0
82.7119999999413,204.88599999994,20,0
81.734999999986,204.674000000581,20,0
80.7600000000093,204.450000000186,20,0
79.7859999999637,204.222000000067,20,0
78.8169999999227,203.978000000119,20,0
77.8469999999506,203.731999999844,20,0
76.8819999999832,203.469999999739,20,0
75.9179999999469,203.203999999911,20,0
74.9579999999842,202.924999999814,20,0
74,202.639000000432,20,0
73.0449999999255,202.343000000343,20,0
72.091999999946,202.037999999709,20,0
71.1419999999926,201.725999999791,20,0
70.1959999999963,201.401999999769,20,0
69.2519999999786,201.072999999858,20,0
68.3129999999655,200.730000000447,20,0
67.375,200.384000000544,20,0
66.4419999999227,200.021999999881,20,0
65.5109999999404,199.657000000589,20,0
64.5849999999628,199.280000000261,20,0
63.6620000000112,198.895999999717,20,0
62.7430000000168,198.502000000328,20,0
61.826999999932,198.099000000395,20,0
60.9149999999208,197.69000000041,20,0
60.0079999999143,197.26900000032,20,0
59.1030000000028,196.844000000507,20,0
58.2049999999581,196.404000000097,20,0
57.3079999999609,195.962000000291,20,0
56.4179999999469,195.504999999888,20,0
55.5299999999115,195.044999999925,20,0
54.6489999999758,194.572999999858,20,0
53.7700000000186,194.094999999739,20,0
52.8969999999972,193.608000000007,20,0
52.0289999999804,193.111999999732,20,0
51.1639999999898,192.610000000335,20,0
50.3059999999823,192.095999999903,20,0
49.4499999999534,191.578999999911,20,0
48.6030000000028,191.048000000417,20,0
47.7569999999832,190.515000000596,20,0
46.9189999999944,189.968000000343,20,0
46.0849999999627,189.418000000529,20,0
45.2569999999832,188.856999999844,20,0
44.4329999999609,188.290000000037,20,0
43.6149999999907,187.713999999687,20,0
42.8040000000037,187.129999999888,20,0
41.9959999999264,186.541000000201,20,0
41.1959999999963,185.941000000574,20,0
40.3979999999283,185.337000000291,20,0
39.6109999999171,184.720999999903,20,0
38.8260000000009,184.101999999955,20,0
38.0499999999302,183.470999999903,20,0
37.2770000000019,182.837000000291,20,0
36.5119999999879,182.19299999997,20,0
35.7519999999786,181.542000000365,20,0
34.9980000000214,180.884999999776,20,0
34.2519999999786,180.219999999739,20,0
33.5100000000093,179.549999999814,20,0
32.7770000000019,178.868999999948,20,0
32.0470000000205,178.185999999754,20,0
31.3279999999795,177.491000000387,20,0
30.6119999999646,176.793000000529,20,0
29.9049999999115,176.084999999963,20,0
29.2029999999795,175.372999999672,20,0
28.5089999999618,174.652999999933,20,0
27.8219999999274,173.927000000142,20,0
27.140000000014,173.195000000298,20,0
26.4679999999935,172.455000000075,20,0
25.7989999999991,171.712000000291,20,0
25.1419999999925,170.958000000566,20,0
24.4859999999171,170.202999999747,20,0
23.8439999999246,169.435999999754,20,0
23.2039999999106,168.668000000529,20,0
22.5749999999534,167.890000000596,20,0
21.9510000000009,167.109000000171,20,0
21.3360000000102,166.321000000462,20,0
20.7280000000028,165.526999999769,20,0
20.1269999999786,164.728000000119,20,0
19.5349999999162,163.922000000253,20,0
18.9469999999274,163.112999999896,20,0
18.3719999999739,162.294999999926,20,0
17.7989999999991,161.475000000559,20,0
17.2399999999907,160.645999999717,20,0
16.6840000000084,159.81500000041,20,0
16.1389999999665,158.975999999791,20,0
15.5999999999767,158.134000000544,20,0
15.0709999999963,157.286000000313,20,0
14.5489999999991,156.433000000194,20,0
14.0339999999851,155.57600000035,20,0
13.5559999999823,154.696999999695,20,0
13.0929999999935,153.810999999754,20,0
12.640000000014,152.918999999762,20,0
12.1919999999227,152.025000000373,20,0
11.7559999999357,151.126000000164,20,0
11.3229999999749,150.224000000395,20,0
10.9020000000019,149.316999999806,20,0
10.484999999986,148.407999999821,20,0
10.0799999999581,147.493999999948,20,0
9.67900000000373,146.577999999747,20,0
9.28899999998976,145.657000000589,20,0
8.90399999998044,144.734000000171,20,0
8.53099999995902,143.805999999866,20,0
8.16099999996368,142.877000000328,20,0
7.80400000000373,141.94299999997,20,0
7.45100000000093,141.00800000038,20,0
7.10999999998603,140.06799999997,20,0
6.77299999992829,139.126000000164,20,0
6.44799999997485,138.179999999702,20,0
6.12699999997858,137.233000000007,20,0
5.8190000000177,136.282000000589,20,0
5.51500000001397,135.328999999911,20,0
5.22299999999814,134.372999999672,20,0
4.93499999993946,133.415000000037,20,0
4.65999999991618,132.453999999911,20,0
4.38799999991898,131.491000000387,20,0
4.13000000000466,130.525000000373,20,0
3.875,129.558000000194,20,0
3.63399999996182,128.588000000455,20,0
3.39599999994971,127.617000000551,20,0
3.17099999997299,126.641999999993,20,0
2.94999999995343,125.667000000365,20,0
2.74199999996927,124.689000000246,20,0
2.53700000001118,123.709999999963,20,0
2.34699999995064,122.729000000283,20,0
2.1589999999851,121.746000000276,20,0
1.98499999998603,120.762000000104,20,0
1.81499999994412,119.776000000536,20,0
1.6579999999376,118.788999999873,20,0
1.50399999995716,117.799999999814,20,0
1.36499999999069,116.810000000522,20,0
1.22800000000279,115.820000000298,20,0
1.10599999991246,114.827000000514,20,0
0.985999999917112,113.833999999799,20,0
0.881999999983236,112.839999999851,20,0
0.778999999980442,111.844999999739,20,0
0.690999999991618,110.849000000395,20,0
0.605999999912456,109.853000000119,20,0
0.535999999963678,108.855000000447,20,0
0.466999999945983,107.856999999844,20,0
0.413999999989755,106.859000000171,20,0
0.363000000012107,105.860000000335,20,0
0.327999999979511,104.861000000499,20,0
0.293999999994412,103.861000000499,20,0
0.287999999942258,102.861000000499,20,0
0.287000000011176,101.861000000499,20,0
0.284999999916181,100.861000000499,20,0
0.282999999937601,99.8610000004992,20,0
0.280999999959022,98.8610000004992,20,0
0.278999999980442,97.8610000004992,20,0
0.277999999932945,96.8610000004992,20,0
0.275999999954365,95.8610000004992,20,0
0.273999999975786,94.8610000004992,20,0
0.271999999997206,93.8610000004992,20,0
0.270000000018626,92.8619999997318,20,0
0.268999999971129,91.8619999997318,20,0
0.266999999992549,90.8619999997318,20,0
0.26500000001397,89.8619999997318,20,0
0.262999999918975,88.8619999997318,20,0
0.260999999940395,87.8619999997318,20,0
0.260000000009313,86.8619999997318,20,0
0.257999999914318,85.8619999997318,20,0
0.255999999935739,84.8619999997318,20,0
0.253999999957159,83.8619999997318,20,0
0.25199999997858,82.8619999997318,20,0
0.25,81.8619999997318,20,0
0.248999999952503,80.8619999997318,20,0
0.246999999973923,79.8619999997318,20,0
0.244999999995343,78.8619999997318,20,0
0.243000000016764,77.8619999997318,20,0
0.240999999921769,76.8619999997318,20,0
0.239999999990687,75.8619999997318,20,0
0.238000000012107,74.8619999997318,20,0
0.235999999917112,73.8619999997318,20,0
0.233999999938533,72.8619999997318,20,0
0.231999999959953,71.8619999997318,20,0
0.230999999912456,70.8619999997318,20,0
0.228999999933876,69.8619999997318,20,0
0.226999999955297,68.8619999997318,20,0
0.224999999976717,67.8619999997318,20,0
0.222999999998137,66.8619999997318,20,0
0.22199999995064,65.8619999997318,20,0
0.21999999997206,64.8619999997318,20,0
0.217999999993481,63.8619999997318,20,0
0.216000000014901,62.8619999997318,20,0
0.213999999919906,61.8619999997318,20,0
0.211999999941327,60.8619999997318,20,0
0.211000000010245,59.8619999997318,20,0
0.20899999991525,58.8619999997318,20,0
0.20699999993667,57.8619999997318,20,0
0.20499999995809,56.8619999997318,20,0
0.202999999979511,55.8619999997318,20,0
0.201999999932013,54.8619999997318,20,0
0.199999999953434,53.8619999997318,20,0
0.197999999974854,52.8619999997318,20,0
0.195999999996275,51.8619999997318,20,0
0.194000000017695,50.8619999997318,20,0
0.192999999970198,49.8619999997318,20,0
0.190999999991618,48.8619999997318,20,0
0.189000000013039,47.8619999997318,20,0
0.186999999918044,46.8619999997318,20,0
0.184999999939464,45.8619999997318,20,0
0.184000000008382,44.8619999997318,20,0
0.181999999913387,43.8619999997318,20,0
0.179999999934807,42.8619999997318,20,0
0.177999999956228,41.8619999997318,20,0
0.175999999977648,40.8619999997318,20,0
0.173999999999069,39.8619999997318,20,0
0.172999999951571,38.8619999997318,20,0
0.170999999972992,37.8619999997318,20,0
0.168999999994412,36.8619999997318,20,0
0.167000000015832,35.8619999997318,20,0
0.164999999920838,34.8619999997318,20,0
0.163999999989755,33.8619999997318,20,0
0.162000000011176,32.8619999997318,20,0
0.159999999916181,31.8619999997318,20,0
0.157999999937601,30.8619999997318,20,0
0.155999999959022,29.8619999997318,20,0
0.154999999911524,28.8619999997318,20,0
0.152999999932945,27.8619999997318,20,0
0.150999999954365,26.8619999997318,20,0
0.148999999975786,25.8619999997318,20,0
0.146999999997206,24.8619999997318,20,0
0.145999999949709,23.8619999997318,20,0
0.143999999971129,22.8619999997318,20,0
0.141999999992549,21.8619999997318,20,0
0.14000000001397,20.8619999997318,20,0
0.137999999918975,19.8619999997318,20,0
0.135999999940395,18.8619999997318,20,0
0.135000000009313,17.8619999997318,20,0
0.132999999914318,16.8619999997318,20,0
0.130999999935739,15.8619999997318,20,0
0.128999999957159,14.8619999997318,20,0
0.12699999997858,13.8619999997318,20,0
0.125999999931082,12.8619999997318,20,0
0.123999999952503,11.8619999997318,20,0
0.121999999973923,10.8619999997318,20,0
0.119999999995343,9.86199999973178,20,0
0.118000000016764,8.86199999973178,20,0
0.116999999969266,7.86199999973178,20,0
0.114999999990687,6.86199999973178,20,0
0.113000000012107,5.86199999973178,20,0
0.110999999917112,4.86199999973178,20,0
0.108999999938533,3.86199999973178,20,0
0.108000000007451,2.86199999973178,20,0
0.105999999912456,1.86199999973178,20,0
0.103999999933876,0.861999999731779,20,0
