x_m, y_m, vx_mps, ax_mps2
0,0,20,0
-0.760010119992984,-0.649911240209008,20,0
-1.52002023905499,-1.29982247995201,20,0
-2.280030359048,-1.94973372016102,20,0
-3.04004047799398,-2.59964496037003,20,0
-3.800050597987,-3.24955620011303,20,0
-4.560060717049,-3.89946744032204,20,0
-5.32007083704201,-4.54937867028605,20,0
-6.07519483496401,-5.20490541029699,20,0
-6.82393072103099,-5.86777386022698,20,0
-7.57266660698198,-6.53064230037796,20,0
-8.32140249304899,-7.19351074006397,20,0
-9.07013837899999,-7.85637918999396,20,0
-9.818874265067,-8.51924763014506,20,0
-10.567610151018,-9.18211607029605,20,0
-11.316346036968,-9.84498452022604,20,0
-12.055118230986,-10.518914469983,20,0
-12.792359007988,-11.194544570055,20,0
-13.529599786037,-11.8701746803711,20,0
-14.266840563039,-12.545804779976,20,0
-15.004081340041,-13.221434880048,20,0
-15.741322117042,-13.897064980119,20,0
-16.478562894975,-14.572695089969,20,0
-17.212287961971,-15.2520959703251,20,0
-17.937816146062,-15.940288420301,20,0
-18.663344330969,-16.628480880055,20,0
-19.388872515061,-17.316673330031,20,0
-20.114400699036,-18.004865780007,20,0
-20.839928884059,-18.6930582402271,20,0
-21.565457068034,-19.381250690203,20,0
-22.290985252009,-20.069443149958,20,0
-23.007764623966,-20.766701830085,20,0
-23.721366186975,-21.46725362027,20,0
-24.434967749053,-22.16780540999,20,0
-25.148569312063,-22.8683572001751,20,0
-25.862170874024,-23.568908990361,20,0
-26.575772437034,-24.2694607800801,20,0
-27.289373998995,-24.970012570265,20,0
-28.000949369045,-25.672593150288,20,0
-28.702413799008,-26.385297609959,20,0
-29.403878228971,-27.0980020803401,20,0
-30.105342659051,-27.810706540011,20,0
-30.806807089015,-28.523411000147,20,0
-31.508271518978,-29.2361154700631,20,0
-32.209735949058,-29.948819930199,20,0
-32.911200377973,-30.661524400115,20,0
-33.605254297959,-31.381398260127,20,0
-34.294374665012,-32.106045150198,20,0
-34.983495032065,-32.830692050047,20,0
-35.672615400049,-33.5553389401171,20,0
-36.361735766986,-34.279985830188,20,0
-37.050856134039,-35.004632720258,20,0
-37.739976500976,-35.729279620107,20,0
-38.428673792979,-36.45432198001,20,0
-39.105246808962,-37.1906975302841,20,0
-39.781819824013,-37.927073090337,20,0
-40.458392839995,-38.663448640145,20,0
-41.134965855046,-39.3998241899531,20,0
-41.811538871028,-40.136199740227,20,0
-42.488111885963,-40.87257530028,20,0
-43.164684902061,-41.608950850088,20,0
-43.835303739062,-42.350703469943,20,0
-44.499129815027,-43.098590450361,20,0
-45.162955892039,-43.8464774303141,20,0
-45.826781968004,-44.5943644200451,20,0
-46.490608045016,-45.3422513999971,20,0
-47.154434122028,-46.0901383901941,20,0
-47.818260197993,-46.838025370147,20,0
-48.482086275005,-47.585912350099,20,0
-49.134257456986,-48.343966650311,20,0
-49.785140766995,-49.1031444403341,20,0
-50.436024078051,-49.862322230357,20,0
-51.086907388991,-50.6215000203811,20,0
-51.737790699,-51.380677809938,20,0
-52.388674010057,-52.1398555999621,20,0
-53.039557320997,-52.899033380206,20,0
-53.686055151047,-53.66190621024,20,0
-54.323803685954,-54.4321508500721,20,0
-54.961552222026,-55.20239549037,20,0
-55.599300757981,-55.972640130203,20,0
-56.237049294053,-56.7428847700351,20,0
-56.874797828961,-57.513129410334,20,0
-57.512546365032,-58.283374050166,20,0
-58.150294900988,-59.053618689999,20,0
-58.777821148047,-59.8321802699941,20,0
-59.402246774989,-60.61326454021,20,0
-60.026672400999,-61.394348809961,20,0
-60.651098028058,-62.175433080177,20,0
-61.275523654068,-62.9565173499281,20,0
-61.89994928101,-63.737601620145,20,0
-62.524374908069,-64.518685890361,20,0
-63.146090199006,-65.301899000071,20,0
-63.757008712971,-66.09359248029,20,0
-64.367927226005,-66.885285960044,20,0
-64.97884573997,-67.6769794500431,20,0
-65.589764253003,-68.468672930263,20,0
-66.200682766968,-69.260366410017,20,0
-66.811601280002,-70.052059890236,20,0
-67.422519793966,-70.8437533699901,20,0
-68.024759880034,-71.6420255303381,20,0
-68.621991059975,-72.444094680249,20,0
-69.219222242012,-73.246163820382,20,0
-69.816453423001,-74.048232970293,20,0
-70.413684603991,-74.850302120205,20,0
-71.01091578498,-75.652371260337,20,0
-71.608146965969,-76.4544404102491,20,0
-72.204443239956,-77.257193299941,20,0
-72.787810907,-78.0694015002811,20,0
-73.371178574045,-78.8816097099331,20,0
-73.954546240042,-79.6938179102721,20,0
-74.53791390697,-80.506026110146,20,0
-75.121281574014,-81.318234320264,20,0
-75.704649241059,-82.130442520138,20,0
-76.288016907055,-82.942650720011,20,0
-76.864355194964,-83.759816820267,20,0
-77.433687255019,-84.581924480386,20,0
-78.003019316005,-85.404032140039,20,0
-78.57235137606,-86.2261398001571,20,0
-79.141683437046,-87.048247460276,20,0
-79.711015496985,-87.870355119928,20,0
-80.280347557971,-88.692462780047,20,0
-80.849679618026,-89.514570440165,20,0
-81.405742528964,-90.345699740108,20,0
-81.960871031973,-91.177464330103,20,0
-82.515999534982,-92.0092289303431,20,0
-83.071128037059,-92.840993530117,20,0
-83.626256540068,-93.672758130356,20,0
-84.18138504296,-94.504522720352,20,0
-84.736513545969,-95.336287320126,20,0
-85.286360600963,-96.171511620283,20,0
-85.827121785027,-97.012687790207,20,0
-86.367882968043,-97.853863960132,20,0
-86.90864415199,-98.695040120277,20,0
-87.449405335006,-99.536216290202,20,0
-87.99016651907,-100.377392460126,20,0
-88.530927701969,-101.218568620272,20,0
-89.071688886033,-102.059744790196,20,0
-89.60081421805,-102.908260760363,20,0
-90.127048557973,-103.758600350003,20,0
-90.653282899991,-104.60893994011,20,0
-91.179517240962,-105.459279530216,20,0
-91.705751582048,-106.309619120322,20,0
-92.231985923019,-107.159958709962,20,0
-92.758220263989,-108.010298300069,20,0
-93.28182982502,-108.862238530069,20,0
-93.796865254058,-109.719407420139,20,0
-94.31190068298,-110.57657631021,20,0
-94.826936113066,-111.43374520028,20,0
-95.341971541987,-112.29091409035,20,0
-95.857006969978,-113.148082979955,20,0
-96.372042400064,-114.005251870025,20,0
-96.886895918985,-114.86252808012,20,0
-97.388028757996,-115.727898450102,20,0
-97.889161598985,-116.593268820084,20,0
-98.390294439043,-117.458639190066,20,0
-98.8914272780526,-118.324009560048,20,0
-99.3925601190418,-119.18937993003,20,0
-99.8936929580519,-120.054750300012,20,0
-100.394825797993,-120.920120669994,20,0
-100.884847308043,-121.79180637002,20,0
-101.371946990955,-122.665152749978,20,0
-101.859046673984,-123.538499129936,20,0
-102.346146355965,-124.41184551036,20,0
-102.833246038993,-125.285191890318,20,0
-103.320345720974,-126.158538270276,20,0
-103.807445404003,-127.031884650234,20,0
-104.286466798978,-127.909651509952,20,0
-104.759406413068,-128.790746350307,20,0
-105.232346025994,-129.671841190196,20,0
-105.705285639036,-130.55293604033,20,0
-106.178225251962,-131.43403088022,20,0
-106.651164866052,-132.31512572011,20,0
-107.124104478978,-133.196220570244,20,0
-107.592056305962,-134.07994104037,20,0
-108.050712627009,-134.968554780353,20,0
-108.509368948056,-135.857168520335,20,0
-108.968025270034,-136.745782260317,20,0
-109.426681590965,-137.634396000299,20,0
-109.885337912012,-138.523009740282,20,0
-110.343994233058,-139.411623480264,20,0
-110.800808281987,-140.301169350277,20,0
-111.245061810012,-141.197070470079,20,0
-111.689315338037,-142.092971580103,20,0
-112.133568866062,-142.988872690126,20,0
-112.57782239397,-143.884773800149,20,0
-113.022075921995,-144.780674910173,20,0
-113.46632945002,-145.676576029975,20,0
-113.910582978045,-146.572477139998,20,0
-114.341673744027,-147.474773480091,20,0
-114.771408731001,-148.377728539984,20,0
-115.201143717044,-149.280683600344,20,0
-115.63087870297,-150.183638670016,20,0
-116.06061369006,-151.086593730375,20,0
-116.490348675986,-151.989548790268,20,0
-116.92008366296,-152.892503850162,20,0
-117.339792012004,-153.800131920259,20,0
-117.754896491067,-154.709905660245,20,0
-118.170000968966,-155.61967941001,20,0
-118.58510544803,-156.529453160241,20,0
-119.000209926976,-157.439226910006,20,0
-119.41531440604,-158.349000649992,20,0
-119.830418884987,-159.258774400223,20,0
-120.238684174954,-160.171602240298,20,0
-120.639049991965,-161.087957629934,20,0
-121.039415808976,-162.00431303028,20,0
-121.439781627035,-162.920668420382,20,0
-121.840147444047,-163.837023820262,20,0
-122.240513261058,-164.753379220143,20,0
-122.640879079001,-165.669734610244,20,0
-123.037641956005,-166.587629660032,20,0
-123.423164798063,-167.510327960364,20,0
-123.808687640004,-168.433026249986,20,0
-124.194210482062,-169.355724540073,20,0
-124.579733324004,-170.27842283016,20,0
-124.965256166062,-171.201121130027,20,0
-125.350779008004,-172.123819420114,20,0
-125.735981408972,-173.046648570336,20,0
-126.106560828979,-173.975449350197,20,0
-126.477140250033,-174.904250130057,20,0
-126.847719668992,-175.833050920162,20,0
-127.218299090047,-176.761851700023,20,0
-127.588878510054,-177.690652480349,20,0
-127.959457930061,-178.619453260209,20,0
-128.330037350068,-179.548254050314,20,0
-128.688582531991,-180.481744100339,20,0
-129.044121977058,-181.416405380238,20,0
-129.399661423056,-182.351066660136,20,0
-129.755200868006,-183.285727940034,20,0
-130.110740312957,-184.220389210153,20,0
-130.466279758024,-185.155050490051,20,0
-130.821819202974,-186.089711769949,20,0
-131.168599036056,-187.027624470181,20,0
-131.509005872067,-187.967902710195,20,0
-131.849412707961,-188.908180959988,20,0
-132.189819543971,-189.848459210247,20,0
-132.530226379982,-190.788737460039,20,0
-132.870633215061,-191.729015710298,20,0
-133.211040050955,-192.66929396009,20,0
-133.560001733014,-193.606350850314,20,0
-133.924333977978,-194.537619879935,20,0
-134.288666222011,-195.468888920266,20,0
-134.652998466976,-196.400157950353,20,0
-135.017330711009,-197.331426990218,20,0
-135.381662955973,-198.262696020305,20,0
-135.745995200006,-199.19396506017,20,0
-136.11032744497,-200.125234090257,20,0
-136.474659689003,-201.056503130123,20,0
-136.838991933968,-201.987772160209,20,0
-137.203324178001,-202.919041200075,20,0
-137.567656422965,-203.850310230162,20,0
-137.931988666998,-204.781579270027,20,0
-138.296320911962,-205.712848300114,20,0
-138.660653155995,-206.64411733998,20,0
-139.024985400028,-207.575386370066,20,0
-139.389317644992,-208.506655409932,20,0
-139.753649889025,-209.437924440019,20,0
-140.11798213399,-210.36919348035,20,0
-140.482314378023,-211.300462509971,20,0
-140.846646622987,-212.231731550302,20,0
-141.21097886702,-213.163000579923,20,0
-141.575311111984,-214.094269620254,20,0
-141.939643356017,-215.025538650341,20,0
-142.303975600982,-215.956807690207,20,0
-142.668307845015,-216.888076720293,20,0
-143.032640089979,-217.819345760159,20,0
-143.396972334012,-218.750614790246,20,0
-143.761304578976,-219.681883830111,20,0
-144.125636823009,-220.613152860198,20,0
-144.489969067974,-221.544421900064,20,0
-144.854301312007,-222.47569093015,20,0
-145.218633556971,-223.406959970016,20,0
-145.582965801004,-224.338229000102,20,0
-145.947298045037,-225.269498039968,20,0
-146.311630290001,-226.200767070055,20,0
-146.675962534034,-227.132036110386,20,0
-147.040294778999,-228.063305140007,20,0
-147.404627023031,-228.994574180338,20,0
-147.768959267996,-229.925843209959,20,0
-148.133291512029,-230.857112250291,20,0
-148.497623756993,-231.788381280377,20,0
-148.861956001026,-232.719650320243,20,0
-149.226288245991,-233.650919350329,20,0
-149.590620490024,-234.582188390195,20,0
-149.954952734988,-235.513457420282,20,0
-150.319284979021,-236.444726460147,20,0
-150.679983685957,-237.377397850156,20,0
-151.035769080044,-238.311965540051,20,0
-151.391554474015,-239.246533220168,20,0
-151.747339867055,-240.181100900285,20,0
-152.103125261026,-241.11566859018,20,0
-152.458910654997,-242.050236270297,20,0
-152.814696048968,-242.984803949948,20,0
-153.170481443056,-243.919371630065,20,0
-153.526266837027,-244.853939319961,20,0
-153.882052230998,-245.788507000077,20,0
-154.237837624037,-246.723074680194,20,0
-154.593623018008,-247.657642360311,20,0
-154.949408411979,-248.592210050206,20,0
-155.305193806067,-249.526777730323,20,0
-155.660979200038,-250.461345409974,20,0
-156.016764594009,-251.395913090091,20,0
-156.37254998798,-252.330480779987,20,0
-156.72833538102,-253.265048460103,20,0
-157.08412077499,-254.19961614022,20,0
-157.439906168962,-255.134183830116,20,0
-157.795691563049,-256.068751510232,20,0
-158.15147695702,-257.003319190349,20,0
-158.507262350991,-257.93788687,20,0
-158.863047744031,-258.872454560362,20,0
-159.218833138002,-259.807022240013,20,0
-159.574618531973,-260.741589920129,20,0
-159.93040392606,-261.676157600246,20,0
-160.286189320031,-262.610725290142,20,0
-160.641974714002,-263.545292970259,20,0
-160.997760107973,-264.479860650375,20,0
-161.353545501013,-265.414428330026,20,0
-161.709330894984,-266.348996020388,20,0
-162.065116288955,-267.283563700039,20,0
-162.420901683042,-268.218131380155,20,0
-162.776687077013,-269.152699070051,20,0
-163.132472470984,-270.087266750168,20,0
-163.488257864955,-271.021834430285,20,0
-163.844043257995,-271.956402109936,20,0
-164.199828651966,-272.890969800297,20,0
-164.555614046054,-273.825537479948,20,0
-164.911399440025,-274.760105160065,20,0
-165.267184833996,-275.694672840182,20,0
-165.622970227967,-276.629240530077,20,0
-165.978755622054,-277.563808210194,20,0
-166.334541014977,-278.498375890311,20,0
-166.690326409065,-279.432943580206,20,0
-167.046111803036,-280.367511260323,20,0
-167.440137256053,-281.285639820155,20,0
-167.873535874067,-282.186842150055,20,0
-168.306934493011,-283.088044479955,20,0
-168.740333111956,-283.989246810321,20,0
-169.173731731018,-284.890449129976,20,0
-169.604675582028,-285.792806710116,20,0
-170.022876995033,-286.701161030214,20,0
-170.441078406991,-287.609515360091,20,0
-170.859279819997,-288.517869680188,20,0
-171.277481233002,-289.426224010065,20,0
-171.69568264496,-290.334578330163,20,0
-172.101167023065,-291.248658569995,20,0
-172.50405325205,-292.163908639923,20,0
-172.906939481035,-293.079158700071,20,0
-173.309825711068,-293.994408769998,20,0
-173.712711940054,-294.909658839926,20,0
-174.107896369998,-295.8282222501,20,0
-174.495353759965,-296.750109860208,20,0
-174.882811149,-297.671997480094,20,0
-175.270268538966,-298.593885090202,20,0
-175.657725928002,-299.51577270031,20,0
-176.04257276596,-300.438731790054,20,0
-176.414492010953,-301.366996880155,20,0
-176.786411256995,-302.295261970255,20,0
-177.158330501988,-303.223527060356,20,0
-177.530249746982,-304.151792140212,20,0
-177.902168993023,-305.080057230312,20,0
-178.260997551027,-306.013440079987,20,0
-178.617273731972,-306.947820780333,20,0
-178.973549911985,-307.882201469969,20,0
-179.329826093046,-308.816582170315,20,0
-179.68610227399,-309.750962859951,20,0
-180.034417502,-310.688302710186,20,0
-180.374950109981,-311.628535420168,20,0
-180.715482717962,-312.568768120371,20,0
-181.056015326059,-313.509000830352,20,0
-181.396547934971,-314.449233540334,20,0
-181.734316669986,-315.390441080089,20,0
-182.059009638964,-316.33626055019,20,0
-182.383702608989,-317.282080030069,20,0
-182.708395577967,-318.227899500169,20,0
-183.033088547992,-319.173718970269,20,0
-183.357781518018,-320.119538450148,20,0
-183.669039385975,-321.069844330195,20,0
-183.977801118977,-322.020983740221,20,0
-184.286562851979,-322.972123160027,20,0
-184.595324584981,-323.923262580298,20,0
-184.904086317983,-324.874402000103,20,0
-185.204644332057,-325.828128580004,20,0
-185.497387723997,-326.784319620114,20,0
-185.790131116984,-327.740510660223,20,0
-186.082874509971,-328.696701700333,20,0
-186.375617902027,-329.652892739977,20,0
-186.665447468985,-330.609949170146,20,0
-186.942089935997,-331.570922090206,20,0
-187.218732404056,-332.531895000022,20,0
-187.495374872,-333.492867920082,20,0
-187.772017340059,-334.453840840142,20,0
-188.048659808002,-335.414813749958,20,0
-188.311553391045,-336.379619929939,20,0
-188.572016892023,-337.345103620086,20,0
-188.832480392069,-338.310587320011,20,0
-189.092943893047,-339.276071010157,20,0
-189.353407392976,-340.241554710082,20,0
-189.605441935011,-341.209236550145,20,0
-189.84965299,-342.178958659991,20,0
-190.093864044058,-343.148680760059,20,0
-190.338075099047,-344.118402870372,20,0
-190.582286152988,-345.088124969974,20,0
-190.823437702958,-346.05859031016,20,0
-191.051327417953,-347.032277259975,20,0
-191.279217133997,-348.005964210257,20,0
-191.507106848992,-348.979651160072,20,0
-191.734996565035,-349.953338110354,20,0
-191.962886280031,-350.927025060169,20,0
-192.176745285047,-351.903871830087,20,0
-192.388249372015,-352.881248940248,20,0
-192.599753458984,-353.858626049943,20,0
-192.811257546069,-354.836003170348,20,0
-193.022761633037,-355.813380280044,20,0
-193.225630150991,-356.792550340295,20,0
-193.420688944053,-357.773341900203,20,0
-193.615747736068,-358.754133450333,20,0
-193.810806529014,-359.734924999997,20,0
-194.005865321029,-360.715716550126,20,0
-194.197724106954,-361.697116630152,20,0
-194.376282577053,-362.681045930367,20,0
-194.554841047036,-363.664975230116,20,0
-194.733399517019,-364.648904530331,20,0
-194.911957987002,-365.632833840325,20,0
-195.090516456985,-366.616763140075,20,0
-195.254795596003,-367.603160100057,20,0
-195.416803371976,-368.589949580375,20,0
-195.578811148065,-369.576739060227,20,0
-195.74081892299,-370.563528540078,20,0
-195.902826698962,-371.55031801993,20,0
-196.056011987035,-372.538479970302,20,0
-196.20142336504,-373.527851250022,20,0
-196.346834743046,-374.517222530208,20,0
-196.492246120004,-375.506593809929,20,0
-196.637657498009,-376.495965090114,20,0
-196.77973444201,-377.485797869973,20,0
-196.908508399967,-378.477471840102,20,0
-197.03728235804,-379.469145810231,20,0
-197.166056315996,-380.46081979014,20,0
-197.294830275001,-381.452493760269,20,0
-197.423604232957,-382.444167729933,20,0
-197.537884620018,-383.437600130215,20,0
-197.64998483099,-384.431297040079,20,0
-197.762085041962,-385.424993940163,20,0
-197.874185253051,-386.418690850027,20,0
-197.986285464023,-387.412387760356,20,0
-198.089396978961,-388.407022309955,20,0
-198.184791818959,-389.402461830061,20,0
-198.280186658026,-390.397901340388,20,0
-198.375581496977,-391.393340850249,20,0
-198.470976336975,-392.388780370354,20,0
-198.554612869047,-393.385009540245,20,0
-198.593176677008,-394.384265680331,20,0
-198.631740484968,-395.383521819953,20,0
-198.670304293045,-396.382777960039,20,0
-198.706427594064,-397.382107260171,20,0
-198.727793711004,-398.38187897997,20,0
-198.749159828061,-399.381650700234,20,0
-198.770525946049,-400.381422420032,20,0
-198.790568755008,-401.381211030297,20,0
-198.794730857014,-402.381202369928,20,0
-198.798892960068,-403.381193700246,20,0
-198.803055061958,-404.381185040343,20,0
-198.807011937955,-405.381175470073,20,0
-198.793968791957,-406.381090400275,20,0
-198.780925647006,-407.381005340256,20,0
-198.767882502055,-408.380920269992,20,0
-198.754839356988,-409.380835209973,20,0
-198.725507571012,-410.380397500004,20,0
-198.695263038971,-411.379940030165,20,0
-198.665018507978,-412.379482560325,20,0
-198.634773976984,-413.37902509002,20,0
-198.589366625994,-414.377978210337,20,0
-198.541929661063,-415.376852449961,20,0
-198.494492697063,-416.375726680271,20,0
-198.447055732016,-417.37460092036,20,0
-198.385584764066,-418.372687610332,20,0
-198.32096940896,-419.370597850065,20,0
-198.25635405397,-420.368508100044,20,0
-198.191738700028,-421.366418340243,20,0
-198.114220155053,-422.363381570205,20,0
-198.032445537974,-423.360032410361,20,0
-197.950670919963,-424.356683260295,20,0
-197.868896303,-425.35333411023,20,0
-197.775350313051,-426.348917100113,20,0
-197.676440641051,-427.344013510272,20,0
-197.577530968003,-428.33910993021,20,0
-197.478621296002,-429.334206350147,20,0
-197.369072076981,-430.328152710106,20,0
-197.253056628978,-431.321400110144,20,0
-197.137041180976,-432.314647519961,20,0
-197.021025732974,-433.307894930243,20,0
-196.89550158102,-434.299948680214,20,0
-196.76241470105,-435.291053059976,20,0
-196.629327822011,-436.282157429959,20,0
-196.49624094204,-437.273261810187,20,0
-196.354774220963,-438.263167450204,20,0
-196.204655306995,-439.251835400238,20,0
-196.054536393028,-440.240503350273,20,0
-195.904417479061,-441.229171290062,20,0
-195.747044619056,-442.21667388035,20,0
-195.579938109964,-443.202612730209,20,0
-195.412831600057,-444.188551580067,20,0
-195.245725090964,-445.174490429926,20,0
-195.072486574994,-446.159335609991,20,0
-194.888441939023,-447.142253499943,20,0
-194.704397302004,-448.125171390362,20,0
-194.520352664985,-449.10808927007,20,0
-194.331293020979,-450.090023410041,20,0
-194.130364740034,-451.06962935999,20,0
-193.929436458042,-452.04923530994,20,0
-193.728508176049,-453.028841270134,20,0
-193.523675963981,-454.007611420005,20,0
-193.305923516978,-454.983615450095,20,0
-193.088171069976,-455.959619489964,20,0
-192.870418622973,-456.935623520054,20,0
-192.649866422987,-457.910977580119,20,0
-192.41535427107,-458.883090760093,20,0
-192.180842119036,-459.855203950312,20,0
-191.94632996805,-460.827317140065,20,0
-191.710114369052,-461.799003850203,20,0
-191.458911934052,-462.766938420012,20,0
-191.207709499984,-463.734873000066,20,0
-190.956507064984,-464.702807570342,20,0
-190.704688649042,-465.670576610137,20,0
-190.436870294041,-466.634046030231,20,0
-190.169051939039,-467.597515460103,20,0
-189.90123358299,-468.560984880198,20,0
-189.633415227988,-469.524454300292,20,0
-189.349521914962,-470.48330599023,20,0
-189.065166921005,-471.442025050055,20,0
-188.780811926,-472.400744110346,20,0
-188.496456932043,-473.359463170171,20,0
-188.197178059024,-474.313615780324,20,0
-187.896370601956,-475.267300670035,20,0
-187.595563145005,-476.220985569991,20,0
-187.294755688053,-477.174670460168,20,0
-186.98016859102,-478.123878340237,20,0
-186.662997719017,-479.072246740106,20,0
-186.345826847013,-480.02061515022,20,0
-186.028655973961,-480.968983560335,20,0
-185.698841891018,-481.91300231032,20,0
-185.365401493967,-482.855773490388,20,0
-185.031961097032,-483.798544669989,20,0
-184.698520699981,-484.741315850056,20,0
-184.353564745979,-485.679902400356,20,0
-184.003953531035,-486.616797270253,20,0
-183.654342317022,-487.553692140151,20,0
-183.304731101961,-488.490587010048,20,0
-182.944722254062,-489.423499670345,20,0
-182.579043715959,-490.354240880348,20,0
-182.213365177973,-491.284982100129,20,0
-181.847686639987,-492.215723310131,20,0
-181.472717707045,-493.142721849959,20,0
-181.091080095968,-494.067033879924,20,0
-180.709442485007,-494.991345920134,20,0
-180.327804874978,-495.915657950099,20,0
-179.937972479965,-496.836503640283,20,0
-179.540488771977,-497.754112869967,20,0
-179.143005063058,-498.671722100116,20,0
-178.745521354023,-499.589331330266,20,0
-178.340925910044,-500.503787020221,20,0
-177.927713767974,-501.414421810303,20,0
-177.514501627069,-502.325056600384,20,0
-177.101289486046,-503.23569139,20,0
-176.682035165955,-504.143521540332,20,0
-176.253216914017,-505.046912330202,20,0
-175.824398661963,-505.950303110294,20,0
-175.395580410026,-506.853693890385,20,0
-174.961775125004,-507.754664659966,20,0
-174.517477703047,-508.650544010103,20,0
-174.073180282022,-509.546423349995,20,0
-173.628882860997,-510.442302700132,20,0
-173.180433931062,-511.336076139938,20,0
-172.719994502957,-512.223767270334,20,0
-172.259555074037,-513.11145839002,20,0
-171.799115646048,-513.99914951995,20,0
-171.336644041002,-514.885764210019,20,0
-170.860954822041,-515.765377630014,20,0
-170.385265602963,-516.644991050008,20,0
-169.909576384001,-517.524604470003,20,0
-169.433746178052,-518.404140060302,20,0
-168.942948831012,-519.275413820054,20,0
-168.452151483972,-520.146687580272,20,0
-167.96135413798,-521.017961340025,20,0
-167.470556791057,-521.889235100243,20,0
-166.966512051993,-522.752895150333,20,0
-166.460752740036,-523.615569780115,20,0
-165.954993427964,-524.478244420141,20,0
-165.449234116007,-525.340919050388,20,0
-164.932196300011,-526.196849999949,20,0
-164.411625640001,-527.050668600015,20,0
-163.891054981039,-527.904487190302,20,0
-163.370484321029,-528.758305780124,20,0
-162.840569527005,-529.60631610034,20,0
-162.305342548992,-530.451024380047,20,0
-161.770115570048,-531.295732660219,20,0
-161.234888592036,-532.140440939925,20,0
-160.692215666058,-532.980340760201,20,0
-160.14249176206,-533.815687170252,20,0
-159.592767858063,-534.651033580303,20,0
-159.043043954065,-535.486380000133,20,0
-158.487734465976,-536.317981190048,20,0
-157.923677347018,-537.143716960214,20,0
-157.35962022806,-537.969452740159,20,0
-156.795563110034,-538.795188510325,20,0
-156.227741328068,-539.618304729927,20,0
-155.649518974009,-540.43418395007,20,0
-155.071296620066,-541.250063179992,20,0
-154.493074266007,-542.065942400135,20,0
-153.912867133971,-542.880389110185,20,0
-153.320651742047,-543.686168810353,20,0
-152.728436351055,-544.491948510054,20,0
-152.136220959015,-545.297728220001,20,0
-151.543758069048,-546.103322710376,20,0
-150.93772600498,-546.89876291994,20,0
-150.331693941028,-547.694203140214,20,0
-149.72566187696,-548.489643360022,20,0
-149.119629813008,-549.285083570052,20,0
-148.501407186966,-550.071068660356,20,0
-147.881738930009,-550.855932500213,20,0
-147.262070673052,-551.640796350315,20,0
-146.642402415978,-552.425660190172,20,0
-146.012375600985,-553.20219960995,20,0
-145.379255692009,-553.976253350265,20,0
-144.746135781984,-554.750307080336,20,0
-144.113015873008,-555.524360809941,20,0
-143.471326258964,-556.291280850302,20,0
-142.824943243991,-557.054293960333,20,0
-142.178560229018,-557.817307060119,20,0
-141.532177214045,-558.580320170149,20,0
-140.878968678065,-559.33744915016,20,0
-140.219515052973,-560.089194400236,20,0
-139.560061429045,-560.840939650312,20,0
-138.900607804069,-561.592684899922,20,0
-138.236026681959,-562.3398532602,20,0
-137.563698837068,-563.080106770154,20,0
-136.891370992059,-563.820360290352,20,0
-136.219043147051,-564.560613810085,20,0
-135.543238203041,-565.297654100228,20,0
-134.858236360014,-566.026195430197,20,0
-134.173234516987,-566.754736769944,20,0
-133.48823267396,-567.483278100379,20,0
-132.801355074043,-568.210025030188,20,0
-132.103883231058,-568.926637220196,20,0
-131.406411387026,-569.643249410204,20,0
-130.708939544041,-570.359861600213,20,0
-130.011142821051,-571.076152080204,20,0
-129.301408687955,-571.780621710233,20,0
-128.591674554976,-572.485091340262,20,0
-127.881940421997,-573.189560970291,20,0
-127.172206289018,-573.89403060032,20,0
-126.451595389051,-574.587351410184,20,0
-125.729810329037,-575.279468690045,20,0
-125.008025269024,-575.971585960127,20,0
-124.28624020901,-576.663703239988,20,0
-123.555239191046,-577.346042000223,20,0
-122.821618156042,-578.025600810069,20,0
-122.087997121038,-578.705159620382,20,0
-121.354376086034,-579.384718430228,20,0
-120.613148933043,-580.055922559928,20,0
-119.867910398985,-580.72272053035,20,0
-119.122671865043,-581.389518490061,20,0
-118.377433330984,-582.056316460017,20,0
-117.626146205002,-582.716235760134,20,0
-116.869512108038,-583.37007431034,20,0
-116.112878010957,-584.023912850302,20,0
-115.356243913993,-584.677751400042,20,0
-114.595065125031,-585.326238090172,20,0
-113.827260794001,-585.966922489926,20,0
-113.059456464019,-586.607606899924,20,0
-112.291652134037,-587.248291309923,20,0
-111.520752103067,-587.88520003017,20,0
-110.742006196058,-588.51253950037,20,0
-109.963260289048,-589.13987898035,20,0
-109.184514382039,-589.767218450084,20,0
-108.404065608978,-590.392406329978,20,0
-107.614610039978,-591.006214040331,20,0
-106.825154470978,-591.620021750219,20,0
-106.035698901978,-592.233829460107,20,0
-105.245875934022,-592.847156130243,20,0
-104.445945807034,-593.447249280289,20,0
-103.646015680045,-594.047342430334,20,0
-102.846085553057,-594.647435590159,20,0
-102.046155426069,-595.247528740205,20,0
-101.23689848301,-595.834963070228,20,0
-100.426732021966,-596.42116295034,20,0
-99.6165655610381,-597.007362840231,20,0
-98.806399099063,-597.593562720343,20,0
-97.988364318036,-598.168688110076,20,0
-97.168202794971,-598.740820150357,20,0
-96.348041270976,-599.312952199951,20,0
-95.52787974698,-599.885084240231,20,0
-94.701250573969,-600.447772160172,20,0
-93.871338236029,-601.005665980279,20,0
-93.041425897972,-601.563559800386,20,0
-92.211513560963,-602.121453620028,20,0
-91.376475272001,-602.671578210313,20,0
-90.537059272988,-603.21506765997,20,0
-89.697643273975,-603.758557110093,20,0
-88.858227274031,-604.302046549972,20,0
-88.014966940041,-604.839484630152,20,0
-87.166297262068,-605.368407859932,20,0
-86.317627583979,-605.897331079934,20,0
-85.468957907054,-606.426254310179,20,0
-84.617664354038,-606.950885400176,20,0
-83.759993735002,-607.465084880125,20,0
-82.902323117014,-607.979284370318,20,0
-82.044652499025,-608.493483850267,20,0
-81.185516271973,-609.005190209951,20,0
-80.319100133027,-609.504512830172,20,0
-79.452683993033,-610.003835440147,20,0
-78.58626785397,-610.503158060368,20,0
-77.719481179956,-611.001824710052,20,0
-76.84457754204,-611.486121749971,20,0
-75.969673904008,-611.970418790355,20,0
-75.094770267023,-612.454715830274,20,0
-74.219866628991,-612.939012870192,20,0
-73.337396429036,-613.409357809927,20,0
-72.45426584396,-613.878485050052,20,0
-71.571135260048,-614.347612299956,20,0
-70.688004674972,-614.816739540081,20,0
-69.798536368995,-615.273683450185,20,0
-68.907441838993,-615.727501190267,20,0
-68.016347308061,-616.18131893035,20,0
-67.125252778059,-616.635136660188,20,0
-66.228985773981,-617.078577530104,20,0
-65.330192671041,-617.516950610094,20,0
-64.431399567052,-617.955323690083,20,0
-63.532606463995,-618.393696770072,20,0
-62.629741617012,-618.823535460047,20,0
-61.723517606034,-619.246333340183,20,0
-60.817293595057,-619.669131210074,20,0
-59.91106958501,-620.091929079965,20,0
-59.001809156034,-620.508069380186,20,0
-58.088424116955,-620.915166130289,20,0
-57.175039077061,-621.322262890171,20,0
-56.26165403705,-621.729359640274,20,0
-55.346201656037,-622.131708230357,20,0
-54.425927598029,-622.522982640192,20,0
-53.505653540021,-622.914257040247,20,0
-52.585379482014,-623.305531440303,20,0
-51.663940099999,-623.693997970316,20,0
-50.737051086966,-624.069333500229,20,0
-49.810162074049,-624.444669030141,20,0
-48.883273061015,-624.820004550274,20,0
-47.956052917055,-625.19450163003,20,0
-47.022824981017,-625.553786500357,20,0
-46.089597044978,-625.913071370218,20,0
-45.156369108008,-626.272356240079,20,0
-44.223141171969,-626.631641120184,20,0
-43.284286745009,-626.975926680024,20,0
-42.344997807056,-627.319053899962,20,0
-41.405708868056,-627.662181120366,20,0
-40.466419929056,-628.005308340303,20,0
-39.522480629966,-628.335356420372,20,0
-38.577410414,-628.66222381033,20,0
-37.632340198033,-628.989091190044,20,0
-36.687269982998,-629.315958580002,20,0
-35.738457377068,-629.631695630029,20,0
-34.787887330981,-629.942205840256,20,0
-33.837317285011,-630.252716040239,20,0
-32.886747239041,-630.56322625,20,0
-31.933273926959,-630.864581760019,20,0
-30.977487136027,-631.158642310183,20,0
-30.021700344979,-631.452702870127,20,0
-29.065913554048,-631.746763420291,20,0
-28.103900157963,-632.018468980212,20,0
-27.133719948004,-632.260853710118,20,0
-26.163539738045,-632.50323845027,20,0
-25.193359527969,-632.745623180177,20,0
-24.222923591965,-632.986945320386,20,0
-23.248694353038,-633.212505490053,20,0
-22.274465113063,-633.438065660186,20,0
-21.300235874019,-633.663625830319,20,0
-20.326006634975,-633.889185990207,20,0
-19.349170912988,-634.103027860168,20,0
-18.371184388059,-634.311695910059,20,0
-17.393197861965,-634.520363970194,20,0
-16.415211337036,-634.729032020084,20,0
-15.436101402039,-634.932202190161,20,0
-14.454650458996,-635.123915640171,20,0
-13.473199516069,-635.315629090182,20,0
-12.491748573025,-635.507342540193,20,0
-11.51029763103,-635.699055990204,20,0
-10.525819396018,-635.874525899999,20,0
-9.54119794198701,-636.049227340147,20,0
-8.55657648795699,-636.22392877005,20,0
-7.57195503404299,-636.398630210198,20,0
-6.585650215973,-636.563342450186,20,0
-5.598153105005,-636.720979560166,20,0
-4.61065599496899,-636.878616670146,20,0
-3.62315888504901,-637.036253780126,20,0
-2.63510466006099,-637.190195800271,20,0
-1.64502761105499,-637.330721369944,20,0
-0.654950561002011,-637.471246940084,20,0
0.335126488003993,-637.611772510223,20,0
1.32520353794101,-637.752298080362,20,0
2.317213522038,-637.878303159959,20,0
3.30957402195801,-638.00167511031,20,0
4.30193452094701,-638.125047060195,20,0
5.29429502098401,-638.248419020325,20,0
6.28760308295099,-638.363590140361,20,0
7.281949858996,-638.469771530013,20,0
8.27629663597401,-638.575952920131,20,0
9.27064341295102,-638.682134310249,20,0
10.26517189201,-638.786462380085,20,0
11.261207178003,-638.875421420205,20,0
12.257242463995,-638.964380450081,20,0
13.253277749988,-639.053339479957,20,0
14.24931303598,-639.142298510298,20,0
15.246374548995,-639.218524880241,20,0
16.243800070021,-639.290234910324,20,0
17.241225591978,-639.361944939941,20,0
18.238651113934,-639.433654970024,20,0
19.236479116022,-639.498996959999,20,0
20.234996182961,-639.553436520044,20,0
21.233513250947,-639.607876070309,20,0
22.232030318934,-639.662315630354,20,0
23.230547387037,-639.716755189933,20,0
24.229856414022,-639.753920400049,20,0
25.229166010977,-639.791073170025,20,0
26.228475607932,-639.828225960023,20,0
27.227785205003,-639.865378740243,20,0
28.22740548593,-639.891636640299,20,0
29.227208358003,-639.911491520237,20,0
30.227011231007,-639.931346400175,20,0
31.226814104012,-639.951201280113,20,0
32.226667459938,-639.966550330166,20,0
33.226664206013,-639.969101360068,20,0
34.226660951972,-639.97165238997,20,0
35.226657697931,-639.974203420337,20,0
36.226654444007,-639.976754450239,20,0
37.226557118004,-639.963887910358,20,0
38.226448277943,-639.949134330265,20,0
39.226339437999,-639.934380750172,20,0
40.226230597939,-639.919627170078,20,0
41.225910539972,-639.895851400215,20,0
42.225396684953,-639.863797619939,20,0
43.224882830982,-639.831743850373,20,0
44.224368977012,-639.799690070096,20,0
45.223748020013,-639.765007010195,20,0
46.222529844963,-639.715662640054,20,0
47.221311668982,-639.666318260133,20,0
48.220093493932,-639.616973889991,20,0
49.218875317951,-639.567629520315,20,0
50.216871846933,-639.504764730111,20,0
51.214650255046,-639.438144539948,20,0
52.212428661995,-639.371524350252,20,0
53.210207069992,-639.30490416009,20,0
54.207447431982,-639.231154229957,20,0
55.203923627036,-639.147278170101,20,0
56.200399821042,-639.063402110245,20,0
57.19687601598,-638.979526049923,20,0
58.193282208988,-638.894896420184,20,0
59.188157786034,-638.793789610267,20,0
60.183033362031,-638.692682800349,20,0
61.177908938961,-638.591575989965,20,0
62.172784516006,-638.490469180047,20,0
63.166379921022,-638.377764250152,20,0
64.159356952994,-638.259456960019,20,0
65.152333986015,-638.14114968013,20,0
66.145311019035,-638.022842400241,20,0
67.137618634967,-637.899302389938,20,0
68.128399765003,-637.763830060139,20,0
69.119180895971,-637.628357740119,20,0
70.109962026938,-637.49288541032,20,0
71.100743156975,-637.357413080055,20,0
72.089192696033,-637.20592244016,20,0
73.077481225017,-637.053325640038,20,0
74.065769754001,-636.900728840381,20,0
75.054058281938,-636.748132040258,20,0
76.040768597043,-636.585869309958,20,0
77.026268569986,-636.416193719953,20,0
78.011768543045,-636.246518140193,20,0
78.997268515989,-636.076842559967,20,0
79.982162490953,-635.903820679989,20,0
80.964578790008,-635.717117120046,20,0
81.946995088947,-635.530413580127,20,0
82.929411388003,-635.343710029963,20,0
83.911827686942,-635.157006480265,20,0
84.89145023597,-634.956265770364,20,0
85.870488664951,-634.752590160351,20,0
86.849527094979,-634.548914550338,20,0
87.828565525008,-634.345238940324,20,0
88.805923964945,-634.133824300021,20,0
89.781291341992,-633.913237629924,20,0
90.756658719038,-633.692650960292,20,0
91.732026095968,-633.472064279951,20,0
92.707043971983,-633.249992080033,20,0
93.678448210936,-633.01256040018,20,0
94.649852450937,-632.775128720328,20,0
95.621256690938,-632.53769704001,20,0
96.592660930939,-632.300265360158,20,0
97.561007604935,-632.050777520053,20,0
98.52815781103,-631.796571929939,20,0
99.495308015962,-631.542366350069,20,0
100.462458221009,-631.288160759955,20,0
101.428021320026,-631.028122609947,20,0
102.390627866961,-630.757219250314,20,0
103.353234414943,-630.486315879971,20,0
104.315840961994,-630.215412510093,20,0
105.278447509045,-629.944509140216,20,0
106.236319459044,-629.657323800027,20,0
107.19409408595,-629.369803780224,20,0
108.151868712041,-629.082283750176,20,0
109.109643338016,-628.794763730373,20,0
110.064293412026,-628.497153200209,20,0
111.016949301004,-628.193102620076,20,0
111.969605191029,-627.889052039943,20,0
112.922261080007,-627.585001460276,20,0
113.873614754994,-627.276989430189,20,0
114.820866624942,-626.956499340013,20,0
115.768118493958,-626.636009250302,20,0
116.715370364022,-626.31551917037,20,0
117.662622233038,-625.995029080193,20,0
118.60491712601,-625.660295150243,20,0
119.546481310972,-625.323461530264,20,0
120.488045495935,-624.986627910286,20,0
121.429609681014,-624.649794300087,20,0
122.368176596938,-624.304805479944,20,0
123.30377113598,-623.951729210093,20,0
124.239365675021,-623.598652929999,20,0
125.174960213015,-623.24557665037,20,0
126.109725766932,-622.890359940007,20,0
127.039070485044,-622.521146730054,20,0
127.96841520397,-622.151933520101,20,0
128.897759923013,-621.782720310148,20,0
129.82710464194,-621.413507109973,20,0
130.751467110007,-621.032062600367,20,0
131.674283706001,-620.646823029965,20,0
132.597100303043,-620.261583460029,20,0
133.519916899968,-619.876343880314,20,0
134.440054203035,-619.484839280136,20,0
135.356066329987,-619.083688700106,20,0
136.27207845694,-618.68253813032,20,0
137.18809058494,-618.28138755029,20,0
138.103930615005,-617.879853080027,20,0
139.012863963028,-617.462911630049,20,0
139.921797310934,-617.045970190316,20,0
140.830730658956,-616.629028740339,20,0
141.739664005931,-616.21208730014,20,0
142.64378343802,-615.784886670299,20,0
143.54536581703,-615.352279209997,20,0
144.446948194993,-614.919671750162,20,0
145.348530574004,-614.487064290326,20,0
146.247937740991,-614.050022340379,20,0
147.14189916302,-613.601878410205,20,0
148.035860582954,-613.153734490275,20,0
148.929822004983,-612.705590560101,20,0
149.823783425964,-612.257446640171,20,0
150.710518975044,-611.795194520149,20,0
151.596591731999,-611.331648330204,20,0
152.482664488955,-610.868102150038,20,0
153.368737246958,-610.404555960093,20,0
154.250353525975,-609.932667710353,20,0
155.128272274975,-609.453858070075,20,0
156.006191023975,-608.975048430264,20,0
156.884109772975,-608.496238789987,20,0
157.760537929018,-608.014751459937,20,0
158.630039767945,-607.520821759943,20,0
159.499541606987,-607.026892059948,20,0
160.36904344603,-606.532962350175,20,0
161.238545284956,-606.03903265018,20,0
162.101038894034,-605.533010660205,20,0
162.961863441044,-605.02410881035,20,0
163.822687987937,-604.515206950251,20,0
164.683512534947,-604.006305090152,20,0
165.540421657032,-603.490909100044,20,0
166.392311129021,-602.967187480069,20,0
167.24420060101,-602.443465870339,20,0
168.096090072999,-601.919744260143,20,0
168.947347581038,-601.395014350302,20,0
169.790046870942,-600.856629810296,20,0
170.632746160962,-600.318245280068,20,0
171.475445449935,-599.779860740062,20,0
172.318144739955,-599.2414762103,20,0
173.154240656994,-598.692950319964,20,0
173.987497407943,-598.140064090025,20,0
174.820754159941,-597.587177860085,20,0
175.654010911938,-597.034291620366,20,0
176.484070459963,-596.476676210295,20,0
177.307635145961,-595.909453850239,20,0
178.131199831958,-595.342231490183,20,0
178.954764517956,-594.775009130128,20,0
179.778329203953,-594.207786760293,20,0
180.592348422041,-593.626958620269,20,0
181.405974416994,-593.045569990296,20,0
182.219600412995,-592.464181360323,20,0
183.033226407948,-591.88279273035,20,0
183.815386794042,-591.261166309938,20,0
184.575770752971,-590.611692490056,20,0
185.336154710967,-589.962218679953,20,0
186.096538670012,-589.312744870316,20,0
186.856922628009,-588.663271049969,20,0
187.617306586006,-588.013797240332,20,0
188.377690544003,-587.364323419984,20,0
189.138074502931,-586.714849610347,20,0
189.898458461045,-586.06537579,20,0
190.658842419042,-585.415901980363,20,0
191.41922637797,-584.766428160015,20,0
192.179610335967,-584.116954350378,20,0
192.939994293964,-583.467480530031,20,0
193.700378253009,-582.818006719928,20,0
194.460762211006,-582.168532900046,20,0
195.221146169934,-581.519059089944,20,0
195.981530127931,-580.869585280306,20,0
196.741914086044,-580.220111459959,20,0
197.502298044973,-579.570637650322,20,0
198.262682002969,-578.921163829975,20,0
199.023065960966,-578.271690020338,20,0
199.783449920011,-577.62221619999,20,0
200.543833878008,-576.972742390353,20,0
201.304217836005,-576.323268570006,20,0
202.064601794933,-575.673794760369,20,0
202.82498575293,-575.024320940021,20,0
203.585369711044,-574.374847130384,20,0
204.345753669972,-573.725373310037,20,0
205.106137627969,-573.075899499934,20,0
205.866521585966,-572.426425680052,20,0
206.626905545011,-571.776951869949,20,0
207.387289503008,-571.127478060312,20,0
208.147673461936,-570.478004239965,20,0
208.908057419933,-569.828530430328,20,0
209.668441378046,-569.179056609981,20,0
210.428825336975,-568.529582800343,20,0
211.189209294972,-567.880108979996,20,0
211.949593252968,-567.230635170359,20,0
212.709977212013,-566.581161350012,20,0
213.47036117001,-565.931687540374,20,0
214.230745128007,-565.282213720027,20,0
214.991129086935,-564.632739909924,20,0
215.751513044932,-563.983266100287,20,0
216.511897003046,-563.33379227994,20,0
217.272280961974,-562.684318470303,20,0
218.032664919971,-562.034844649955,20,0
218.793048879016,-561.385370840318,20,0
219.553432837013,-560.735897019971,20,0
220.31381679501,-560.086423210334,20,0
221.074200753938,-559.436949389986,20,0
221.834584711935,-558.787475580349,20,0
222.594968669932,-558.138001760002,20,0
223.355352628976,-557.488527950365,20,0
224.115736586974,-556.839054130018,20,0
224.87612054497,-556.18958032038,20,0
225.636504504015,-555.540106500033,20,0
226.396888462012,-554.89063268993,20,0
227.157272420009,-554.241158880293,20,0
227.917656378937,-553.591685059946,20,0
228.678040336934,-552.942211250309,20,0
229.438424294931,-552.292737429961,20,0
230.198808253976,-551.643263620324,20,0
230.959192211973,-550.993789799977,20,0
231.71957616997,-550.34431599034,20,0
232.479960129015,-549.694842169992,20,0
233.240344087012,-549.045368360355,20,0
234.00072804594,-548.395894540008,20,0
234.761112003937,-547.746420730371,20,0
235.521495961934,-547.096946910023,20,0
236.281879920979,-546.447473100386,20,0
237.042263878975,-545.797999290284,20,0
237.802647836972,-545.148525469936,20,0
238.563031796017,-544.499051660299,20,0
239.323415754014,-543.849577839952,20,0
240.083799712011,-543.200104030315,20,0
240.844183670939,-542.550630209967,20,0
241.604567628936,-541.90115640033,20,0
242.364951586933,-541.251682579983,20,0
243.125335545978,-540.602208770346,20,0
243.885719503975,-539.952734960243,20,0
244.646103461972,-539.303261140361,20,0
245.406487421017,-538.653787320014,20,0
246.166871379014,-538.004313510377,20,0
246.927255337942,-537.354839700274,20,0
247.687639295939,-536.705365879927,20,0
248.448023253936,-536.055892070289,20,0
249.208407212981,-535.406418249942,20,0
249.968791170977,-534.756944440305,20,0
250.729175128974,-534.107470619958,20,0
251.489559088019,-533.457996810321,20,0
252.249943046016,-532.808522989973,20,0
253.010327004013,-532.159049180336,20,0
253.770710962941,-531.509575359989,20,0
254.531094920938,-530.860101550352,20,0
255.291478878935,-530.210627730004,20,0
256.05186283798,-529.561153920367,20,0
256.812246795977,-528.911680110264,20,0
257.572630755022,-528.262206290383,20,0
258.333014713019,-527.61273248028,20,0
259.093398671016,-526.963258659933,20,0
259.853782629944,-526.313784850295,20,0
260.614166587941,-525.664311029948,20,0
261.374550545938,-525.014837220311,20,0
262.134934504983,-524.365363399964,20,0
262.895318462979,-523.715889590326,20,0
263.655702420976,-523.066415769979,20,0
264.416086380021,-522.416941960342,20,0
265.176470338018,-521.767468150239,20,0
265.936854296015,-521.117994330358,20,0
266.697238254943,-520.46852051001,20,0
267.45762221294,-519.819046700373,20,0
268.218006170937,-519.16957289027,20,0
268.978390129982,-518.520099069923,20,0
269.738774087979,-517.870625260286,20,0
270.499158047024,-517.221151439938,20,0
271.259542005021,-516.571677630301,20,0
272.019925963018,-515.922203809954,20,0
272.780309921946,-515.272730000317,20,0
273.540693879943,-514.623256179969,20,0
274.30107783794,-513.973782370332,20,0
275.061461796985,-513.324308549985,20,0
275.821845754981,-512.674834740348,20,0
276.582229712978,-512.025360930245,20,0
277.342613672023,-511.375887110363,20,0
278.10299763002,-510.726413300261,20,0
278.863381588017,-510.076939480379,20,0
279.623765546945,-509.427465670276,20,0
280.384149504942,-508.777991849929,20,0
281.144533462939,-508.128518040292,20,0
281.904917421984,-507.479044219944,20,0
282.665301379981,-506.829570410307,20,0
283.425685339026,-506.18009658996,20,0
284.186069297023,-505.530622780323,20,0
284.94645325502,-504.881148959975,20,0
285.706837213948,-504.231675150338,20,0
286.467221171945,-503.582201340236,20,0
287.227605129942,-502.932727520354,20,0
287.987989088986,-502.283253710251,20,0
288.748373046983,-501.633779890369,20,0
289.50875700498,-500.984306080267,20,0
290.269140964025,-500.334832260385,20,0
291.029524922022,-499.685358450282,20,0
291.789908880019,-499.035884629935,20,0
292.550292838947,-498.386410820298,20,0
293.310676796944,-497.73693699995,20,0
294.071060754941,-497.087463190313,20,0
294.831444713986,-496.437989369966,20,0
295.591828671983,-495.788515560329,20,0
296.352212631028,-495.139041750226,20,0
297.112596589025,-494.489567930344,20,0
297.872980547022,-493.840094120241,20,0
298.63336450595,-493.19062030036,20,0
299.393748463947,-492.541146490257,20,0
300.154132421944,-491.891672670375,20,0
300.914516380988,-491.242198860273,20,0
301.674900338985,-490.592725039925,20,0
302.435284296982,-489.943251230288,20,0
303.195668256027,-489.293777409941,20,0
303.956052214024,-488.644303600304,20,0
304.716436172021,-487.994829779956,20,0
305.475342429942,-487.343631890136,20,0
306.23350577103,-486.691567210015,20,0
306.991669112002,-486.039502530358,20,0
307.749832452974,-485.387437850237,20,0
308.507995793946,-484.735373160336,20,0
309.266159135034,-484.083308480214,20,0
310.024322476006,-483.431243800092,20,0
310.782485818025,-482.77917911997,20,0
311.540649157949,-482.127114440314,20,0
312.298812499969,-481.475049760192,20,0
313.056975840941,-480.822985080071,20,0
313.815139182029,-480.170920399949,20,0
314.573302523001,-479.518855720293,20,0
315.331465863972,-478.866791029926,20,0
316.089629204944,-478.21472635027,20,0
316.847792546032,-477.562661670148,20,0
317.605955887004,-476.910596990026,20,0
318.364119227976,-476.25853231037,20,0
319.122282568948,-475.606467630248,20,0
319.880445910036,-474.954402950126,20,0
320.638609251008,-474.302338270005,20,0
321.39677259198,-473.650273590348,20,0
322.154935932951,-472.998208910227,20,0
322.91309927404,-472.346144220326,20,0
323.671262615012,-471.694079540204,20,0
324.429425955983,-471.042014860082,20,0
325.187589296955,-470.38995017996,20,0
325.945752638043,-469.737885500304,20,0
326.703915979015,-469.085820820182,20,0
327.462079319987,-468.43375614006,20,0
328.220242660959,-467.781691459939,20,0
328.978406002978,-467.129626770038,20,0
329.73656934395,-466.477562090382,20,0
330.494732685038,-465.82549741026,20,0
331.25289602601,-465.173432730138,20,0
332.011059366982,-464.521368050016,20,0
332.769222707954,-463.86930337036,20,0
333.527386049042,-463.217238690238,20,0
334.285549390014,-462.565174010116,20,0
335.043712730986,-461.913109329995,20,0
335.801876071957,-461.261044650338,20,0
336.560039413046,-460.608979959972,20,0
337.318202754017,-459.956915280316,20,0
338.076366094989,-459.304850600194,20,0
338.834529435961,-458.652785920072,20,0
339.592692776933,-458.00072123995,20,0
340.350856118021,-457.348656560294,20,0
341.109019458993,-456.696591880172,20,0
341.867182799965,-456.04452720005,20,0
342.625346140936,-455.392462519929,20,0
343.383509482025,-454.740397840272,20,0
344.141672822996,-454.088333150372,20,0
344.899836163968,-453.43626847025,20,0
345.65799950494,-452.784203790128,20,0
346.41616284696,-452.132139110006,20,0
347.174326187931,-451.48007443035,20,0
347.93248952902,-450.828009750228,20,0
348.690652869991,-450.175945070106,20,0
349.448816210963,-449.523880389984,20,0
350.206979551935,-448.871815700084,20,0
350.965142893023,-448.219751019962,20,0
351.723306233995,-447.567686340306,20,0
352.481469574967,-446.915621660184,20,0
353.239632915939,-446.263556980062,20,0
353.997796257027,-445.61149229994,20,0
354.755959597999,-444.959427620284,20,0
355.514122938971,-444.307362940162,20,0
356.272286279942,-443.65529826004,20,0
357.030449621031,-443.003233580384,20,0
357.788612962002,-442.351168890018,20,0
358.546776302974,-441.699104210362,20,0
359.304939643946,-441.04703953024,20,0
360.063102985034,-440.394974850118,20,0
360.821266326006,-439.742910169996,20,0
361.579429668026,-439.09084549034,20,0
362.33759300795,-438.438780810218,20,0
363.095756349038,-437.786716130096,20,0
363.853919690941,-437.134651449974,20,0
364.612083032029,-436.482586770318,20,0
365.370246373001,-435.830522079952,20,0
366.128409713973,-435.178457400296,20,0
366.886573054945,-434.526392720174,20,0
367.644736396033,-433.874328040052,20,0
368.402899737005,-433.22226335993,20,0
369.161063077976,-432.570198680274,20,0
369.919226418948,-431.918134000152,20,0
370.677389760036,-431.26606932003,20,0
371.435553101008,-430.614004640374,20,0
372.19371644198,-429.961939960252,20,0
372.951879782952,-429.309875270352,20,0
373.71004312404,-428.65781059023,20,0
374.468206465012,-428.005745910108,20,0
375.226369805984,-427.353681229986,20,0
375.984533146955,-426.70161655033,20,0
376.742696488044,-426.049551870208,20,0
377.500859829016,-425.397487190086,20,0
378.259023169987,-424.745422509964,20,0
379.017186510959,-424.093357820064,20,0
379.775349851931,-423.441293139942,20,0
380.533513193019,-422.789228460286,20,0
381.291676535039,-422.137163780164,20,0
382.049839874963,-421.485099100042,20,0
382.808003216982,-420.833034420386,20,0
383.566166557954,-420.180969740264,20,0
384.324329899042,-419.528905060142,20,0
385.082493240014,-418.87684038002,20,0
385.840656580986,-418.224775690119,20,0
386.598819921958,-417.572711009998,20,0
387.356983263046,-416.920646330341,20,0
388.115146604018,-416.26858165022,20,0
388.87330994499,-415.616516970098,20,0
389.631473285961,-414.964452289976,20,0
390.389636626933,-414.31238761032,20,0
391.147799968021,-413.660322930198,20,0
391.905963308993,-413.008258250076,20,0
392.664126649965,-412.356193569954,20,0
393.422289990937,-411.704128880054,20,0
394.180453332025,-411.052064199932,20,0
394.938616672997,-410.399999520276,20,0
395.696780013969,-409.747934840154,20,0
396.45494335494,-409.095870160032,20,0
397.213106696029,-408.443805480376,20,0
397.971270037001,-407.791740800254,20,0
398.729433377972,-407.139676120132,20,0
399.487596719992,-406.48761144001,20,0
400.245760060964,-405.835546750109,20,0
401.003923401935,-405.183482069988,20,0
401.762086743024,-404.531417390331,20,0
402.520250083996,-403.87935271021,20,0
403.278413424967,-403.227288030088,20,0
404.036576765939,-402.575223349966,20,0
404.794740107027,-401.92315867031,20,0
405.552903447999,-401.271093990188,20,0
406.311066788971,-400.619029310066,20,0
407.069230129943,-399.966964620165,20,0
407.827393471031,-399.314899940043,20,0
408.585556812003,-398.662835260387,20,0
409.343720152975,-398.010770580265,20,0
410.101883493946,-397.358705900144,20,0
410.860046835035,-396.706641220022,20,0
411.618210176006,-396.054576540366,20,0
412.376373516978,-395.402511860244,20,0
413.13453685795,-394.750447180122,20,0
413.892700199038,-394.0983825,20,0
414.65086354001,-393.446317810099,20,0
415.409026880982,-392.794253129978,20,0
416.167190221954,-392.142188450321,20,0
416.925353563973,-391.4901237702,20,0
417.683516904945,-390.838059090078,20,0
418.441680246033,-390.185994409956,20,0
419.199843587005,-389.5339297303,20,0
419.958006927977,-388.881865050178,20,0
420.716170268949,-388.229800370056,20,0
421.474333610037,-387.577735689934,20,0
422.232496951009,-386.925671000033,20,0
422.99066029198,-386.273606320377,20,0
423.748823632952,-385.621541640255,20,0
424.50698697404,-384.969476960134,20,0
425.265150315012,-384.317412280012,20,0
426.023313655984,-383.665347600355,20,0
426.781476996956,-383.013282920234,20,0
427.539640338044,-382.361218240112,20,0
428.297803679016,-381.70915355999,20,0
429.055967019988,-381.057088870089,20,0
429.81413036096,-380.405024189967,20,0
430.572293701931,-379.752959510311,20,0
431.33045704302,-379.100894830189,20,0
432.088620383991,-378.448830150068,20,0
432.846783724963,-377.796765469946,20,0
433.604947065935,-377.14470079029,20,0
434.363110407954,-376.492636110168,20,0
435.121273749043,-375.840571430046,20,0
435.879437090015,-375.188506740145,20,0
436.637600430986,-374.536442060023,20,0
437.395763771958,-373.884377380367,20,0
438.153927113046,-373.232312700245,20,0
438.912090454018,-372.580248020123,20,0
439.67025379499,-371.928183340002,20,0
440.428417135962,-371.276118660345,20,0
441.186580476934,-370.624053980224,20,0
441.944743818022,-369.971989300102,20,0
442.702907158994,-369.319924610201,20,0
443.461070499965,-368.667859930079,20,0
444.219233840937,-368.015795249957,20,0
444.977397182025,-367.363730570301,20,0
445.735560522997,-366.711665890179,20,0
446.493723863969,-366.059601210058,20,0
447.251887204941,-365.407536529936,20,0
448.010050546029,-364.75547185028,20,0
448.768213887001,-364.103407170158,20,0
449.526377227973,-363.451342490036,20,0
450.284540568945,-362.799277800135,20,0
451.042703910033,-362.147213120013,20,0
451.800867251936,-361.495148440357,20,0
452.559030593024,-360.843083760235,20,0
453.317193933996,-360.191019080113,20,0
454.075357274968,-359.538954399992,20,0
454.833520615939,-358.886889720335,20,0
455.591683957028,-358.234825040214,20,0
456.349847298,-357.582760360092,20,0
457.108010638971,-356.930695670191,20,0
457.866173979943,-356.278630990069,20,0
458.624337321031,-355.626566309947,20,0
459.382500662003,-354.974501630291,20,0
460.140664002975,-354.322436950169,20,0
460.898827343947,-353.670372270047,20,0
461.656990685035,-353.018307589926,20,0
462.415154026007,-352.366242910269,20,0
463.173317366979,-351.714178230148,20,0
463.93148070795,-351.062113540247,20,0
464.689644049039,-350.410048860125,20,0
465.44780739001,-349.757984180003,20,0
466.205970730982,-349.105919500347,20,0
466.964134071954,-348.453854820225,20,0
467.722297413042,-347.801790140103,20,0
468.480460754014,-347.149725459981,20,0
469.238624096034,-346.497660780325,20,0
469.996787437005,-345.845596100203,20,0
470.754950777977,-345.193531420082,20,0
471.513114118949,-344.541466730181,20,0
472.271277460037,-343.889402050059,20,0
473.029440801009,-343.237337369937,20,0
473.787604141981,-342.585272690281,20,0
474.545767482953,-341.933208010159,20,0
475.303930824041,-341.281143330037,20,0
476.062094165013,-340.629078650381,20,0
476.820257505984,-339.977013970259,20,0
477.578420846956,-339.324949290138,20,0
478.336584188044,-338.672884600237,20,0
479.094747529016,-338.020819920115,20,0
479.852910869988,-337.368755239993,20,0
480.61107421096,-336.716690560337,20,0
481.369237551932,-336.064625880215,20,0
482.12740089302,-335.412561200093,20,0
482.885564233992,-334.760496519971,20,0
483.643727574964,-334.108431840315,20,0
484.401890915935,-333.456367160193,20,0
485.160054257024,-332.804302480072,20,0
485.918217599043,-332.152237790171,20,0
486.676380938967,-331.500173110049,20,0
487.434544280987,-330.848108429927,20,0
488.192707621959,-330.196043750271,20,0
488.95087096293,-329.543979070149,20,0
489.709034304019,-328.891914390027,20,0
490.46719764499,-328.239849710371,20,0
491.225360985962,-327.587785030249,20,0
491.983524326934,-326.935720350127,20,0
492.741687668022,-326.283655660227,20,0
493.499851008994,-325.631590980105,20,0
494.258014349966,-324.979526299983,20,0
495.016177690938,-324.327461620327,20,0
495.774341032026,-323.675396940205,20,0
496.532504372998,-323.023332260083,20,0
497.290667713969,-322.371267579961,20,0
498.048831054941,-321.719202900305,20,0
498.806994396029,-321.067138220183,20,0
499.565157737001,-320.415073540061,20,0
500.323321077973,-319.763008850161,20,0
501.081484418945,-319.110944170039,20,0
501.839647760033,-318.458879490383,20,0
502.597811101005,-317.806814810261,20,0
503.355974443024,-317.154750130139,20,0
504.114137782949,-316.502685450017,20,0
504.872301124968,-315.850620770361,20,0
505.63046446594,-315.198556090239,20,0
506.388627807028,-314.546491400338,20,0
507.146791148,-313.894426720217,20,0
507.904954488972,-313.242362040095,20,0
508.663117829944,-312.590297359973,20,0
509.421281171032,-311.938232680317,20,0
510.179444512004,-311.286168000195,20,0
510.937607852975,-310.634103320073,20,0
511.695771193947,-309.982038639951,20,0
512.453934535035,-309.329973960295,20,0
513.212097876007,-308.677909280173,20,0
513.970261216979,-308.025844590273,20,0
514.728424557951,-307.373779910151,20,0
515.486587899039,-306.721715230029,20,0
516.244751240011,-306.069650550373,20,0
517.002914580983,-305.417585870251,20,0
517.761077921954,-304.765521190129,20,0
518.519241263043,-304.113456510007,20,0
519.277404604014,-303.461391830351,20,0
520.035567944986,-302.809327150229,20,0
520.793731285958,-302.157262470107,20,0
521.551894627046,-301.505197780207,20,0
522.310057968949,-300.853133100085,20,0
523.068221310038,-300.201068419963,20,0
523.826384651009,-299.549003740307,20,0
524.597031031037,-298.912051260005,20,0
525.380533866934,-298.290663050022,20,0
526.164036703995,-297.669274850283,20,0
526.947539540939,-297.047886640299,20,0
527.731042376953,-296.426498430315,20,0
528.509392958018,-295.798728340305,20,0
529.281992645003,-295.163834870327,20,0
530.054592331988,-294.528941400349,20,0
530.827192020021,-293.894047920126,20,0
531.599791705958,-293.259154450148,20,0
532.367352803005,-292.618236880284,20,0
533.128816579003,-291.970029420219,20,0
533.890280353954,-291.321821950376,20,0
534.651744129952,-290.673614480067,20,0
535.41320790595,-290.025407020002,20,0
536.169757555938,-289.371527300216,20,0
536.919856013963,-288.710201130248,20,0
537.669954470941,-288.048874960281,20,0
538.420052928967,-287.387548790313,20,0
539.170151385945,-286.726222620345,20,0
539.915470810957,-286.059569820296,20,0
540.653977966984,-285.385324180126,20,0
541.392485123012,-284.711078539956,20,0
542.13099227997,-284.036832910031,20,0
542.869499435998,-283.362587270327,20,0
543.603373099002,-282.683354150038,20,0
544.330066464027,-281.996392169967,20,0
545.056759828004,-281.309430200141,20,0
545.783453193028,-280.622468230314,20,0
546.510146557005,-279.935506250243,20,0
547.232362229028,-279.24388921028,20,0
547.947022869951,-278.544417859986,20,0
548.661683510989,-277.844946510158,20,0
549.37634415296,-277.14547516033,20,0
550.091004793998,-276.446003810037,20,0
550.801353613031,-275.742202830035,20,0
551.503766224953,-275.030432830099,20,0
552.206178835943,-274.318662839941,20,0
552.908591447981,-273.60689285025,20,0
553.611004058971,-272.895122850314,20,0
554.309280592949,-272.179341410286,20,0
554.99923355796,-271.455487210303,20,0
555.689186524018,-270.73163301032,20,0
556.379139489029,-270.007778810337,20,0
557.06909245404,-269.283924600109,20,0
557.755094758003,-268.556369670201,20,0
558.432380213985,-267.820649330038,20,0
559.109665669967,-267.08492900012,20,0
559.786951125949,-266.349208659958,20,0
560.464236581931,-265.61348833004,20,0
561.137766255998,-264.874370260164,20,0
561.802180155996,-264.127005440183,20,0
562.466594057042,-263.37964062998,20,0
563.131007957971,-262.632275809999,20,0
563.795421859017,-261.884910990018,20,0
564.456284104963,-261.1344434903,20,0
565.107626282028,-260.375659350306,20,0
565.758968458977,-259.616875210311,20,0
566.410310636042,-258.858091080095,20,0
567.061652812991,-258.099306940101,20,0
567.709656495019,-257.337706980295,20,0
568.34773071704,-256.567732119933,20,0
568.985804939992,-255.797757260035,20,0
569.623879162013,-255.027782400138,20,0
570.261953384965,-254.257807529997,20,0
570.896911079996,-253.48529531993,20,0
571.521525115008,-252.704361710232,20,0
572.14613915002,-251.923428100068,20,0
572.770753185032,-251.142494480125,20,0
573.395367220045,-250.361560869962,20,0
574.017095273943,-249.578359750099,20,0
574.62806094403,-248.786702660378,20,0
575.239026612952,-247.995045570191,20,0
575.849992281991,-247.203388480004,20,0
576.460957951961,-246.411731380038,20,0
577.069276534021,-245.618067800067,20,0
577.666409770959,-244.815925729926,20,0
578.263543008943,-244.01378367003,20,0
578.860676245997,-243.211641600355,20,0
579.457809483982,-242.409499530215,20,0
580.052542633959,-241.605602950323,20,0
580.635663541034,-240.793217570055,20,0
581.218784446945,-239.980832180008,20,0
581.80190535402,-239.168446800206,20,0
582.385026260978,-238.356061419938,20,0
582.966001944966,-237.542164260056,20,0
583.534934844007,-236.719780310057,20,0
584.103867742932,-235.897396370303,20,0
584.672800641973,-235.075012420304,20,0
585.241733541014,-234.252628470305,20,0
585.808783698013,-233.428966040257,20,0
586.363357187016,-232.596831290051,20,0
586.917930674041,-231.764696540311,20,0
587.472504161997,-230.932561790105,20,0
588.027077649953,-230.10042703012,20,0
588.580038244022,-229.267237470019,20,0
589.120085243951,-228.425602610223,20,0
589.660132245045,-227.58396774996,20,0
590.200179244974,-226.742332890164,20,0
590.74022624502,-225.900698030367,20,0
591.278937308002,-225.058222230058,20,0
591.804295119946,-224.207340820227,20,0
592.329652932007,-223.35645940993,20,0
592.855010743952,-222.505578000098,20,0
593.380368556013,-221.654696600046,20,0
593.904674235033,-220.803178119939,20,0
594.415184583981,-219.943306510336,20,0
594.925694933045,-219.083434900269,20,0
595.436205281993,-218.223563290201,20,0
595.946715630941,-217.363691680133,20,0
596.456464236952,-216.503376720007,20,0
596.951973321033,-215.634773960337,20,0
597.44748240395,-214.76617120998,20,0
597.942991488032,-213.897568450309,20,0
598.438500571996,-213.028965690173,20,0
598.933544619941,-212.160102969967,20,0
599.413903155947,-211.283030760009,20,0
599.894261691953,-210.405958540272,20,0
600.374620227959,-209.528886320069,20,0
600.854978763964,-208.651814100332,20,0
601.335175017012,-207.774654820095,20,0
601.80023828696,-206.889377380255,20,0
602.265301557957,-206.004099930171,20,0
602.730364828022,-205.11882249033,20,0
603.195428099018,-204.233545040246,20,0
603.660491368967,-203.34826759994,20,0
604.110265502008,-202.455126849934,20,0
604.559893395985,-201.561910880264,20,0
605.00952129101,-200.668694920372,20,0
605.459149186034,-199.775478960015,20,0
605.908777080942,-198.882263000123,20,0
606.343294388964,-197.981604310218,20,0
606.777351449011,-197.080718930345,20,0
607.211408508011,-196.179833550006,20,0
607.645465567941,-195.278948170133,20,0
608.079522626941,-194.378062790259,20,0
608.498657551012,-193.470146660227,20,0
608.917013006984,-192.561863270122,20,0
609.335368462024,-191.653579880018,20,0
609.753723916947,-190.745296490378,20,0
610.172079373035,-189.837013100274,20,0
610.575710796984,-188.922102109995,20,0
610.978238609969,-188.006694349926,20,0
611.380766422954,-187.091286600101,20,0
611.783294235939,-186.175878840033,20,0
612.185822047992,-185.260471079964,20,0
612.573833337985,-184.338829820044,20,0
612.960412238027,-183.416573490016,20,0
613.346991138999,-182.494317150209,20,0
613.73357003904,-181.572060809936,20,0
614.120148938964,-180.649804470129,20,0
614.492427972029,-179.721699490212,20,0
614.862941495027,-178.792872420046,20,0
615.233455018024,-177.864045350346,20,0
615.603968541022,-176.935218280181,20,0
615.974482064019,-176.006391200237,20,0
616.330921264017,-175.072090920061,20,0
616.685257785023,-174.136972940061,20,0
617.039594306029,-173.201854960061,20,0
617.393930827035,-172.266736990306,20,0
617.748267346994,-171.331619010307,20,0
618.088763715933,-170.391393610276,20,0
618.426816483029,-169.450266450178,20,0
618.764869250008,-168.509139300324,20,0
619.102922016988,-167.568012140225,20,0
619.440974783968,-166.626884980127,20,0
619.765429929947,-165.681006390135,20,0
620.087097098003,-164.734153580386,20,0
620.408764265944,-163.78730077995,20,0
620.730431434,-162.8404479702,20,0
621.05209860194,-161.893595170229,20,0
621.360418766039,-160.942336909938,20,0
621.665603425936,-159.99004372023,20,0
621.970788086998,-159.037750530056,20,0
622.275972745964,-158.085457340348,20,0
622.581157407025,-157.133164150174,20,0
622.873253496015,-156.176801329944,20,0
623.16186370398,-155.219354650005,20,0
623.450473912992,-154.261907970067,20,0
623.739084122004,-153.304461280349,20,0
624.027694331017,-152.347014599945,20,0
624.303481937037,-151.385823789984,20,0
624.575430745026,-150.423512069974,20,0
624.847379553016,-149.461200349964,20,0
625.119328359957,-148.498888629954,20,0
625.391277167947,-147.536576909944,20,0
625.650676597027,-146.570836069993,20,0
625.905882072985,-145.603949230164,20,0
626.161087548943,-144.637062390335,20,0
626.416293025017,-143.67017555004,20,0
626.671498502023,-142.703288699966,20,0
626.91443479294,-141.733277110383,20,0
627.152820051997,-140.76210644003,20,0
627.391205310938,-139.790935770143,20,0
627.629590569996,-138.819765100255,20,0
627.867975828937,-137.848594430368,20,0
628.094378779992,-136.874592590145,20,0
628.315872002976,-135.899430680088,20,0
628.537365225959,-134.924268770031,20,0
628.758858448943,-133.949106859974,20,0
628.980351672043,-132.973944940138,20,0
629.190155855963,-131.996234520338,20,0
629.394690313959,-131.017375150229,20,0
629.599224771955,-130.038515790365,20,0
629.803759229021,-129.059656420257,20,0
630.008293687017,-128.080797059927,20,0
630.175147666014,-127.095182900317,20,0
630.323373529944,-126.106229360215,20,0
630.471599392943,-125.117275830358,20,0
630.619825256989,-124.128322290256,20,0
630.75609867496,-123.137681760359,20,0
630.887377265026,-122.146336240228,20,0
631.018655856024,-121.154990730341,20,0
631.149934445974,-120.16364521021,20,0
631.268620379037,-119.170741650276,20,0
631.382913240931,-118.177294549998,20,0
631.497206102941,-117.183847450185,20,0
631.61149896402,-116.190400350373,20,0
631.712560049957,-115.195545600261,20,0
631.809833702981,-114.200287930202,20,0
631.907107356005,-113.205030250363,20,0
632.004381009029,-112.209772580303,20,0
632.087785406039,-111.213279090356,20,0
632.168011356029,-110.216502390336,20,0
632.248237304972,-109.219725680072,20,0
632.328463254962,-108.222948980052,20,0
632.394184655045,-107.225129720289,20,0
632.45733939996,-106.227125970181,20,0
632.52049414604,-105.229122230317,20,0
632.583648892003,-104.231118480209,20,0
632.631666527014,-103.232286829967,20,0
632.677731567994,-102.233348390087,20,0
632.723796610022,-101.234409950208,20,0
632.769861651003,-100.235471500084,20,0
632.800160301035,-99.235941170249,20,0
632.829122144031,-98.236360650044,20,0
632.858083987958,-97.2367801400831,20,0
632.887045830954,-96.2371996203431,20,0
632.899615825969,-95.237284529954,20,0
632.911465988029,-94.237354740035,20,0
632.923316149973,-93.23742496036,20,0
632.935166312033,-92.237495169975,20,0
632.93000353803,-91.2375093703161,20,0
632.92473854695,-90.237523230258,20,0
632.919473555987,-89.237537090201,20,0
632.913693067967,-88.237558080349,20,0
632.891314466019,-87.237808510195,20,0
632.868935863954,-86.238058940042,20,0
632.846557262005,-85.238309370354,20,0
632.823045891943,-84.238594860304,20,0
632.783560234937,-83.239374720026,20,0
632.744074577,-82.240154589992,20,0
632.704588919995,-81.240934450179,20,0
632.663354209043,-80.241798419971,20,0
632.606773062959,-79.243400420062,20,0
632.550191916992,-78.245002420153,20,0
632.493610771024,-77.24660441,20,0
632.434665814042,-76.24836067995,20,0
632.361005753046,-75.2510772701351,20,0
632.287345691934,-74.25379386032,20,0
632.213685631985,-73.2565104500391,20,0
632.137049073005,-72.25947252009,20,0
632.046331675025,-71.263595839962,20,0
631.955614277977,-70.2677191700781,20,0
631.864896879998,-69.27184248995,20,0
631.770592905931,-68.276323500089,20,0
631.662844746025,-67.282145279925,20,0
631.555096584955,-66.2879670602271,20,0
631.447348424001,-65.293788840063,20,0
631.335406758939,-64.300101450178,20,0
631.210659397999,-63.307912910357,20,0
631.085912036943,-62.31572437007,20,0
630.961164676003,-61.323535830248,20,0
630.831620567944,-60.331992130261,20,0
630.68991055002,-59.342083920259,20,0
630.548200530932,-58.352175710257,20,0
630.40649051196,-57.36226749001,20,0
630.25938472699,-56.3731788899751,20,0
630.100753561943,-55.3858409803361,20,0
629.942122397013,-54.398503059987,20,0
629.783491231967,-53.411165150348,20,0
629.618870037026,-52.424842290114,20,0
629.443364192965,-51.44036390027,20,0
629.267858349951,-50.45588550996,20,0
629.092352506938,-49.4714071201161,20,0
628.910267657019,-48.488159770146,20,0
628.717938547023,-47.506829290185,20,0
628.52560943598,-46.525498810224,20,0
628.333280325984,-45.544168330263,20,0
628.133789048996,-44.564305300358,20,0
627.924693010981,-43.586410189979,20,0
627.715596972965,-42.608515080064,20,0
627.50650093495,-41.6306199701501,20,0
627.289665912977,-40.654449010268,20,0
627.063864197932,-39.680275730323,20,0
626.838062483003,-38.706102450378,20,0
626.612260767958,-37.731929160189,20,0
626.378150117002,-36.759756870102,20,0
626.13570886897,-35.789590780157,20,0
625.893267621985,-34.8194246902131,20,0
625.650826373953,-33.8492586002681,20,0
625.399513624027,-32.881390310358,20,0
625.140503861942,-31.915515600238,20,0
624.881494101021,-30.9496409003621,20,0
624.622484338936,-29.983766190242,20,0
624.354048409034,-29.02050589025,20,0
624.078546006,-28.059205510188,20,0
623.803043602966,-27.097905120346,20,0
623.527541199932,-26.136604740284,20,0
623.242066373001,-25.178254970349,20,0
622.950152031961,-24.2218105001371,20,0
622.658237691038,-23.26536604017,20,0
622.36632334895,-22.308921569958,20,0
622.063899251982,-21.355783340055,20,0
621.755658483017,-20.4044749601741,20,0
621.447417714983,-19.453166590072,20,0
621.139176946017,-18.501858210191,20,0
620.819898511982,-17.554230900015,20,0
620.495421609027,-16.60833728034,20,0
620.170944707003,-15.662443660199,20,0
619.846467804979,-14.716550040059,20,0
619.510435250937,-13.774731290061,20,0
619.169817263959,-12.834529510233,20,0
618.829199276981,-11.89432772994,20,0
618.488581290935,-10.9541259501131,20,0
618.135900084046,-10.0184116102751,20,0
617.779240790988,-9.08417708007596,20,0
617.422581496998,-8.14994256012096,20,0
617.06592220394,-7.21570803038696,20,0
616.696703027934,-6.28639200003806,20,0
616.324106905028,-5.35839840024698,20,0
615.951510782005,-4.43040479021101,20,0
615.57891466003,-3.50241118995405,20,0
615.193273380981,-2.57978539029102,20,0
614.804849573994,-1.65830455021899,20,0
614.416425765958,-0.736823710147064,20,0
614.02800195897,0.184657139703972,20,0
613.626059590956,1.10030287969903,20,0
613.221921880963,2.01500102970795,20,0
612.817784170039,2.92969918996096,20,0
612.413646460045,3.84439733996999,20,0
611.995529123932,4.75277538970101,20,0
611.575795894955,5.66042291000497,20,0
611.156062667026,6.56807042984303,20,0
610.73632943898,7.47571794968098,20,0
610.302168324939,8.37654295004904,20,0
609.866962531931,9.27687394991494,20,0
609.431756737992,10.177204960026,20,0
608.996550944984,11.077535959892,20,0
608.548031796934,11.971305189654,20,0
608.099080718938,12.864861520007,20,0
607.650129640941,13.758417859674,20,0
607.201178563992,14.651974199806,20,0
606.738622028032,15.5385461100379,20,0
606.274221086991,16.424171179999,20,0
605.809820145951,17.30979624996,20,0
605.345419205959,18.195421319921,20,0
604.868882742012,19.074547839817,20,0
604.389172003023,19.951974529773,20,0
603.909461264033,20.829401229974,20,0
603.429750525044,21.70682791993,20,0
602.939352813992,22.5782906697129,20,0
602.444476958015,23.447254359722,20,0
601.94960110297,24.316218039953,20,0
601.454725248041,25.185181729961,20,0
600.950588340988,26.04876419995,20,0
600.440696625971,26.909002800007,20,0
599.930804910954,27.7692413898189,20,0
599.420913195936,28.629479989875,20,0
598.903162486968,29.484967599623,20,0
598.378408696969,30.336221649777,20,0
597.853654906969,31.187475699932,20,0
597.328901118017,32.03872974962,20,0
596.797665316961,32.885909889825,20,0
596.258207718959,33.727922650054,20,0
595.718750122004,34.569935420063,20,0
595.179292524932,35.411948190071,20,0
594.634703621967,36.250610250049,20,0
594.080704919994,37.083127779886,20,0
593.526706216974,37.915645309724,20,0
592.972707515001,38.7481628400279,20,0
592.414900753997,39.578098309692,20,0
591.846528033959,40.400869509671,20,0
591.278155314038,41.22364070965,20,0
590.709782594,42.046411919874,20,0
590.138896435965,42.867414389737,20,0
589.556321121986,43.680191119667,20,0
588.973745808006,44.492967839819,20,0
588.391170494026,45.30574455997,20,0
587.807346588001,46.117609819863,20,0
587.210744385957,46.9201469300319,20,0
586.61414218403,47.722684039735,20,0
586.017539983034,48.525221149903,20,0
585.420923131984,49.3277471698819,20,0
584.810473978986,50.119802619797,20,0
584.200024827035,50.911858059932,20,0
583.589575674967,51.703913509846,20,0
582.979126521969,52.49596895976,20,0
582.356201809948,53.278235459701,20,0
581.732089819969,54.059570359998,20,0
581.107977831038,54.84090525005,20,0
580.483865841991,55.622240149882,20,0
579.848635343952,56.394534589723,20,0
579.211048751953,57.164913289715,20,0
578.573462159955,57.935291989707,20,0
577.935875567026,58.70567067992,20,0
577.288497401984,59.467801299878,20,0
576.637628505007,60.226991449949,20,0
575.986759608961,60.98618160002,20,0
575.335890711984,61.745371739846,20,0
574.676525949967,62.497149259784,20,0
574.012571052998,63.244921879843,20,0
573.348616156029,63.992694499903,20,0
572.684661258944,64.740467119962,20,0
572.013473888045,65.481704769656,20,0
571.336633241037,66.217834329699,20,0
570.659792594961,66.953963899985,20,0
569.982951947954,67.690093469806,20,0
569.300108831958,68.42060704995,20,0
568.610586573021,69.1448715399019,20,0
567.921064313967,69.869136029855,20,0
567.231542055961,70.593400519807,20,0
566.537212894997,71.313008459751,20,0
565.835216986016,72.025189439766,20,0
565.133221077966,72.737370410003,20,0
564.431225168985,73.449551390019,20,0
563.725582462037,74.158074749634,20,0
563.011324628024,74.857957409695,20,0
562.297066792963,75.557840080001,20,0
561.582808958949,76.257722749841,20,0
560.866027959972,76.954985289835,20,0
560.139723622008,77.64235855965,20,0
559.413419284975,78.32973182993,20,0
558.68711494701,79.017105099745,20,0
557.959373623948,79.702933339868,20,0
557.221241838998,80.377589889802,20,0
556.483110053931,81.052246449981,20,0
555.744978270028,81.726902999915,20,0
555.006457263022,82.401126219891,20,0
554.256720653968,83.062862589956,20,0
553.506984043983,83.724598949775,20,0
552.757247435046,84.386335310061,20,0
552.007510825992,85.048071679659,20,0
551.247014704976,85.697402199731,20,0
550.485899394029,86.346018800047,20,0
549.724784084014,86.994635389652,20,0
548.963668772951,87.643251979724,20,0
548.192991649965,88.2804489298729,20,0
547.420727193007,88.915750119835,20,0
546.648462735932,89.551051320043,20,0
545.876198278973,90.186352510006,20,0
545.095531916945,90.811257749796,20,0
544.31235122995,91.433051940054,20,0
543.529170544004,92.054846129846,20,0
542.74598985794,92.676640319638,20,0
541.95552844496,93.289098739624,20,0
541.161667739042,93.897198379971,20,0
540.367807033938,94.5052980296319,20,0
539.573946328951,95.113397679758,20,0
538.773886434036,95.713257169817,20,0
537.969585140935,96.3074788698,20,0
537.165283847019,96.901700569783,20,0
536.360982554034,97.495922269766,20,0
535.551523083006,98.083033829928,20,0
534.737023780938,98.663198359777,20,0
533.922524480033,99.24336289987,20,0
533.108025177964,99.823527429719,20,0
532.289367323043,100.397745119874,20,0
531.464915668942,100.963677509688,20,0
530.640464014956,101.529609899968,20,0
529.81601236004,102.095542289783,20,0
528.988359553973,102.656723329798,20,0
528.154204203981,103.208252890036,20,0
527.320048855036,103.759782440029,20,0
526.485893505044,104.311311999802,20,0
525.649451370002,104.859316779766,20,0
524.805843909039,105.396277159918,20,0
523.962236447959,105.93323754007,20,0
523.118628986995,106.470197930001,20,0
522.273605289986,107.004890049808,20,0
521.420800152934,107.527119299863,20,0
520.56799501495,108.049348559696,20,0
519.715189878014,108.571577819996,20,0
518.861794478028,109.09282410983,20,0
518.000048873015,109.600164739881,20,0
517.138303268003,110.107505359687,20,0
516.27655766299,110.614845989738,20,0
515.414812057978,111.122186619789,20,0
514.544576296933,111.614815529902,20,0
513.674150130013,112.107114519924,20,0
512.80372396193,112.599413499702,20,0
511.933297795011,113.091712479946,20,0
511.055378654972,113.570490589831,20,0
510.176534448984,114.047599449754,20,0
509.297690241947,114.524708309677,20,0
508.418846035959,115.001817159821,20,0
507.533461896005,115.466625789646,20,0
506.646464713035,115.928400619887,20,0
505.759467529948,116.390175459907,20,0
504.872470346978,116.851950289682,20,0
503.979841397959,117.302674149629,20,0
503.084958759952,117.748975689989,20,0
502.190076121013,118.195277229883,20,0
501.295193481958,118.641578759998,20,0
500.396827489953,119.08078400977,20,0
499.496382522979,119.515753959771,20,0
498.595937556937,119.950723920018,20,0
497.695492589963,120.385693879798,20,0
496.79079120094,120.811656320002,20,0
495.883028051933,121.231139409822,20,0
494.975264901994,121.650622499641,20,0
494.067501752987,122.070105589926,20,0
493.155951724039,122.481206059922,20,0
492.241136727971,122.885079219938,20,0
491.32632173202,123.288952369709,20,0
490.411506735953,123.692825519946,20,0
489.493351656013,124.088954180014,20,0
488.571753219003,124.477098899894,20,0
487.650154781994,124.865243609995,20,0
486.728556344985,125.253388329875,20,0
485.804041560041,125.634439329617,20,0
484.875930077979,126.006741730031,20,0
483.947818596033,126.379044129979,20,0
483.01970711397,126.751346529927,20,0
482.089079660015,127.117218019907,20,0
481.154727439979,127.473568869755,20,0
480.220375219942,127.829919720069,20,0
479.286023000023,128.186270569917,20,0
478.349531542045,128.536864730064,20,0
477.409212721046,128.877159480006,20,0
476.468893899932,129.217454229947,20,0
475.528575078934,129.557748979889,20,0
474.586469842005,129.892972089816,20,0
473.640460308991,130.217110889964,20,0
472.694450775977,130.541249689646,20,0
471.74844124401,130.865388500039,20,0
470.800973945996,131.185150879901,20,0
469.849551258958,131.493038639892,20,0
468.898128572037,131.800926399883,20,0
467.946705884999,132.10881414963,20,0
466.994129674044,132.413030279801,20,0
466.037572978996,132.704576659948,20,0
465.081016283948,132.996123029851,20,0
464.124459589017,133.287669409998,20,0
463.167028971948,133.576257859823,20,0
462.205618922017,133.85137732001,20,0
461.244208871038,134.126496779733,20,0
460.282798820991,134.401616229676,20,0
459.320769599989,134.674499759917,20,0
458.354788271012,134.933111579623,20,0
457.388806942036,135.191723399796,20,0
456.422825612943,135.450335209724,20,0
455.456454814994,135.707440739963,20,0
454.486185624963,135.949469039683,20,0
453.515916434932,136.191497339867,20,0
452.54564724397,136.433525640052,20,0
451.575193054975,136.674784289673,20,0
450.600920678932,136.900158059784,20,0
449.626648303005,137.125531829894,20,0
448.65237592801,137.350905609783,20,0
447.678097620956,137.57625269983,20,0
446.700107909972,137.784905829933,20,0
445.722118200036,137.993558949791,20,0
444.744128488936,138.20221206965,20,0
443.766138777952,138.410865199752,20,0
442.784866255941,138.603458439932,20,0
441.803446150967,138.79532968998,20,0
440.822026045993,138.987200940028,20,0
439.840605941019,139.179072199855,20,0
438.856318791979,139.355580969714,20,0
437.871756240027,139.530614059884,20,0
436.887193689007,139.705647150055,20,0
435.902631136938,139.88068023976,20,0
434.915592413978,140.041057569906,20,0
433.928176285001,140.199201139622,20,0
432.940760156024,140.357344709803,20,0
431.953344027978,140.515488279984,20,0
430.963817512035,140.659691459965,20,0
429.973837511964,140.800899109803,20,0
428.98385751294,140.942106759642,20,0
427.993877514033,141.083314409945,20,0
427.002127644956,141.211305059959,20,0
426.009874233976,141.335535369814,20,0
425.017620822997,141.45976566989,20,0
424.025367412018,141.583995969966,20,0
423.031659219997,141.695740009658,20,0
422.037423523027,141.802956519649,20,0
421.043187825941,141.91017301986,20,0
420.048952128971,142.017389529851,20,0
419.053551162943,142.11285719974,20,0
418.057624888025,142.203028449789,20,0
417.061698611943,142.293199709617,20,0
416.065772337025,142.383370959666,20,0
415.068944592029,142.462536839769,20,0
414.07161994197,142.535636379849,20,0
413.074295292958,142.60873591993,20,0
412.076970643015,142.681835460011,20,0
411.078982495005,142.744678449817,20,0
410.080552084023,142.800684839953,20,0
409.08212167304,142.856691219844,20,0
408.083691261942,142.912697599735,20,0
407.085246696021,142.906743189786,20,0
406.086790798,142.851193029899,20,0
405.088334901026,142.795642859768,20,0
404.089879003005,142.740092699882,20,0
403.091423104983,142.684542539995,20,0
402.09296720801,142.628992369864,20,0
401.094511309988,142.573442209978,20,0
400.096055413015,142.517892049626,20,0
399.097599514993,142.462341889739,20,0
398.10016702395,142.390743959695,20,0
397.102743093041,142.319011799991,20,0
396.105319162948,142.247279650066,20,0
395.107895232039,142.175547489897,20,0
394.110471301014,142.103815339972,20,0
393.113047369989,142.032083179802,20,0
392.115623438964,141.960351029877,20,0
391.118199507939,141.888618869707,20,0
390.121329486953,141.809969059658,20,0
389.125199766946,141.722073769663,20,0
388.12907004694,141.634178479668,20,0
387.132940327982,141.546283189673,20,0
386.136810607976,141.458387909923,20,0
385.14068088797,141.370492619928,20,0
384.144551169011,141.282597329934,20,0
383.148421449005,141.194702039939,20,0
382.152291728999,141.106806759723,20,0
381.15750692098,141.004962049891,20,0
380.162933317013,140.900926739909,20,0
379.168359711999,140.796891429927,20,0
378.173786108033,140.692856119946,20,0
377.179212503951,140.588820809964,20,0
376.184638899984,140.484785499983,20,0
375.19006529497,140.380750190001,20,0
374.195491691004,140.27671488002,20,0
373.201464387007,140.167836759705,20,0
372.208708393039,140.047688779887,20,0
371.215952400002,139.927540800069,20,0
370.223196406034,139.807392819785,20,0
369.23044041195,139.687244839967,20,0
368.23768441903,139.567096859683,20,0
367.244928424946,139.446948879864,20,0
366.252172430978,139.326800900046,20,0
365.25941643701,139.206652919762,20,0
364.268192069023,139.074655689765,20,0
363.27751470299,138.93842662964,20,0
362.286837336957,138.802197569982,20,0
361.29615997104,138.665968509857,20,0
360.305482605007,138.529739449732,20,0
359.314805238974,138.393510390073,20,0
358.324127872941,138.257281329949,20,0
357.333450507024,138.121052280069,20,0
356.343178106938,137.982045309618,20,0
355.354839839973,137.829770989716,20,0
354.36650157196,137.677496669814,20,0
353.378163304995,137.525222349912,20,0
352.389825036982,137.37294803001,20,0
351.401486770017,137.220673709642,20,0
350.413148502005,137.068399379961,20,0
349.42481023504,136.916125060059,20,0
348.436471967027,136.763850739692,20,0
347.449717537966,136.601822610013,20,0
346.463978225016,136.433543059975,20,0
345.47823891195,136.265263519716,20,0
344.492499599001,136.096983969678,20,0
343.506760285004,135.928704419639,20,0
342.521020971938,135.760424870067,20,0
341.535281658988,135.592145329807,20,0
340.549542346038,135.423865779769,20,0
339.563933645026,135.254856839776,20,0
338.581052458031,135.070616309997,20,0
337.598171271035,134.886375779752,20,0
336.615290084039,134.702135249973,20,0
335.632408897044,134.517894719728,20,0
334.649527710979,134.333654189948,20,0
333.666646523984,134.149413659703,20,0
332.683765336988,133.965173129924,20,0
331.70088415104,133.780932599679,20,0
330.719505087939,133.589022489731,20,0
329.739740447957,133.388869419694,20,0
328.759975809022,133.188716349658,20,0
327.780211169972,132.988563279622,20,0
326.800446531037,132.788410210051,20,0
325.820681890939,132.588257140015,20,0
324.840917252005,132.388104069978,20,0
323.861152612954,132.187950999942,20,0
322.881387972972,131.987797929906,20,0
321.904721708037,131.773081199732,20,0
320.92833121703,131.55706820963,20,0
319.951940726955,131.341055229772,20,0
318.975550236996,131.12504223967,20,0
317.999159745989,130.909029250033,20,0
317.02276925603,130.69301626971,20,0
316.046378765954,130.477003280074,20,0
315.069988274947,130.260990289972,20,0
314.094885117957,130.039374270011,20,0
313.122125491035,129.80755815981,20,0
312.149365863996,129.575742050074,20,0
311.176606236957,129.343925939873,20,0
310.203846610035,129.112109829672,20,0
309.231086982997,128.880293719936,20,0
308.258327355958,128.648477609735,20,0
307.285567729036,128.416661509779,20,0
306.312808101997,128.184845400043,20,0
305.343122162973,127.940579789691,20,0
304.37424915901,127.693021509797,20,0
303.405376155046,127.445463229902,20,0
302.436503150966,127.197904939764,20,0
301.467630147934,126.950346659869,20,0
300.498757143971,126.702788379975,20,0
299.529884140008,126.455230099615,20,0
298.561011136044,126.207671819721,20,0
297.593078727951,125.956552919932,20,0
296.628347084974,125.693317560014,20,0
295.663615441998,125.43008219963,20,0
294.698883799022,125.166846829932,20,0
293.734152156045,124.903611470014,20,0
292.769420512952,124.640376099851,20,0
291.804688869976,124.377140739933,20,0
290.839957227,124.11390536977,20,0
289.875225584023,123.850670009852,20,0
288.89708112902,123.647402809933,20,0
287.912131413934,123.474561679643,20,0
286.927181698033,123.30172054004,20,0
285.942231982947,123.128879409749,20,0
284.957282267046,122.95603826968,20,0
283.972332551959,122.783197139856,20,0
282.987382835942,122.610355999787,20,0
282.002433120972,122.437514869962,20,0
281.017483404954,122.264673729893,20,0
280.032533689985,122.091832600069,20,0
279.047583973967,121.918991459999,20,0
278.062634258997,121.746150329709,20,0
277.07768454298,121.57330918964,20,0
276.09273482801,121.400468059816,20,0
275.108207916026,121.22532508988,20,0
274.126128196018,121.036859119777,20,0
273.14404847601,120.848393139895,20,0
272.161968756002,120.659927169793,20,0
271.179889035994,120.47146119969,20,0
270.197809315986,120.282995219808,20,0
269.215729595977,120.094529249706,20,0
268.233649875969,119.906063269824,20,0
267.251570155961,119.717597299721,20,0
266.269490435953,119.52913131984,20,0
265.287410715945,119.340665349737,20,0
264.305330995936,119.152199379634,20,0
263.323251276045,118.963733399753,20,0
262.341171556036,118.77526742965,20,0
261.359091836028,118.586801449768,20,0
260.378980193986,118.38850262994,20,0
259.400018319954,118.184459379874,20,0
258.42105644499,117.980416129809,20,0
257.442094570026,117.776372879744,20,0
256.463132694946,117.572329629679,20,0
255.48417082103,117.368286379613,20,0
254.50520894595,117.164243130014,20,0
253.526247070986,116.960199879948,20,0
252.547285196023,116.756156629883,20,0
251.56832332199,116.552113379818,20,0
250.589361447026,116.348070129752,20,0
249.610399571946,116.144026879687,20,0
248.631437696983,115.939983629622,20,0
247.65247582295,115.735940380022,20,0
246.673901390983,115.53010946,20,0
245.698304423946,115.310540429782,20,0
244.722707457957,115.09097140003,20,0
243.747110491037,114.871402369812,20,0
242.771513524931,114.65183334006,20,0
241.795916558942,114.432264309842,20,0
240.820319592022,114.212695279625,20,0
239.844722626033,113.993126249872,20,0
238.869125660044,113.773557219655,20,0
237.893528693007,113.553988189902,20,0
236.917931727018,113.334419149906,20,0
235.942334761029,113.114850119688,20,0
234.966737793992,112.895281089936,20,0
233.991140828003,112.675712059718,20,0
233.015543860966,112.456143029966,20,0
232.04211015103,112.227306419984,20,0
231.070124306949,111.992267020047,20,0
230.098138462985,111.757227619645,20,0
229.126152619021,111.522188229952,20,0
228.15416677401,111.287148830016,20,0
227.182180930046,111.052109429613,20,0
226.210195085966,110.817070029676,20,0
225.238209242002,110.582030629739,20,0
224.266223398038,110.346991229803,20,0
223.294237553026,110.111951839645,20,0
222.322251708946,109.876912439708,20,0
221.350265864982,109.641873039771,20,0
220.378280021018,109.406833639834,20,0
219.406294176937,109.171794239898,20,0
218.434628283023,108.935476259794,20,0
217.466498862952,108.685025809799,20,0
216.498369442998,108.434575359803,20,0
215.530240023975,108.184124920052,20,0
214.56211060402,107.933674470056,20,0
213.593981184997,107.68322402006,20,0
212.625851765043,107.432773570065,20,0
211.657722346019,107.182323120069,20,0
210.689592925948,106.931872679852,20,0
209.721463507042,106.681422229857,20,0
208.753334086971,106.430971779861,20,0
207.785204667016,106.180521329865,20,0
206.817075247993,105.930070879869,20,0
205.848945828039,105.679620429874,20,0
204.880816409016,105.429169989657,20,0
203.915011612932,105.170019200072,20,0
202.950982947019,104.904220900033,20,0
201.986954282038,104.638422609773,20,0
201.02292561601,104.372624319978,20,0
200.058896949981,104.106826029718,20,0
199.094868283952,103.841027739924,20,0
198.130839618971,103.575229449664,20,0
197.166810952942,103.309431159869,20,0
196.20278228703,103.04363285983,20,0
195.238753621933,102.777834570036,20,0
194.27472495602,102.512036279775,20,0
193.310696289991,102.246237989981,20,0
192.34666762501,101.980439699721,20,0
191.382638958982,101.714641409926,20,0
190.418830923038,101.448067019694,20,0
189.459146304988,101.166987970006,20,0
188.499461687985,100.885908910074,20,0
187.539777069935,100.60482985992,20,0
186.580092452933,100.323750799988,20,0
185.620407834999,100.042671749834,20,0
184.660723216948,99.7615926996809,20,0
183.701038599946,99.480513639748,20,0
182.741353982012,99.199434590061,20,0
181.78166936501,98.918355529663,20,0
180.821984746959,98.637276479975,20,0
179.862300129957,98.356197420042,20,0
178.902615512023,98.075118369889,20,0
177.942930895021,97.794039309956,20,0
176.98324627697,97.512960259803,20,0
176.026013928,97.223748499994,20,0
175.070915556979,96.92745961994,20,0
174.115817185026,96.631170739886,20,0
173.160718814005,96.334881859832,20,0
172.205620442983,96.038592979778,20,0
171.25052207103,95.742304099724,20,0
170.295423700009,95.44601521967,20,0
169.340325328987,95.149726339616,20,0
168.385226957035,94.853437449783,20,0
167.430128586013,94.557148569729,20,0
166.475030213944,94.2608596896759,20,0
165.519931843039,93.9645708096219,20,0
164.564833472018,93.668281930033,20,0
163.609735099948,93.371993049979,20,0
162.65492262994,93.074855299667,20,0
161.715185196954,92.7329583000389,20,0
160.775447763969,92.3910613097249,20,0
159.835710330983,92.049164309632,20,0
158.89597289695,91.707267310005,20,0
157.956235463964,91.365370319691,20,0
157.016498030979,91.023473320063,20,0
156.076760596945,90.681576319971,20,0
155.13702316396,90.3396793198769,20,0
154.197285730974,89.9977823300289,20,0
153.258712789975,89.652769419831,20,0
152.325078882976,89.294540829957,20,0
151.391444975976,88.936312229839,20,0
150.457811070024,88.57808362972,20,0
149.524177163025,88.219855030067,20,0
148.590543256025,87.861626429949,20,0
147.656909349957,87.503397840075,20,0
146.723275442957,87.145169239957,20,0
145.789641537005,86.786940639839,20,0
144.856007630006,86.428712039721,20,0
143.924692117027,86.064595120028,20,0
142.997445537942,85.6901438198989,20,0
142.070198958973,85.31569250999,20,0
141.142952378956,84.941241199617,20,0
140.215705799987,84.5667898999529,20,0
139.288459221018,84.192338590045,20,0
138.361212641001,83.817887279671,20,0
137.433966062032,83.4434359800069,20,0
136.506719482947,83.068984669633,20,0
135.579472903046,82.694533359725,20,0
134.655795308995,82.311461459846,20,0
133.735217915965,81.9209012696519,20,0
132.814640522935,81.5303410799249,20,0
131.894063130021,81.139780879952,20,0
130.973485736992,80.749220689759,20,0
130.052908343962,80.358660500031,20,0
129.132330950932,79.968100309838,20,0
128.211753558019,79.5775401196449,20,0
127.291176164989,79.186979919672,20,0
126.370598771959,78.796419729945,20,0
125.454936582013,78.394549319986,20,0
124.541308206972,77.987998969853,20,0
123.627679831931,77.5814486099409,20,0
122.714051457006,77.174898250029,20,0
121.800423081965,76.7683478998949,20,0
120.88679470704,76.3617975399829,20,0
119.973166333046,75.955247180071,20,0
119.059537958005,75.548696829938,20,0
118.145909582964,75.142146470025,20,0
117.232281208039,74.735596109648,20,0
116.325008756947,74.315091080033,20,0
115.418607119937,73.8926741397009,20,0
114.512205481995,73.470257199835,20,0
113.605803844985,73.047840249725,20,0
112.699402207975,72.625423309859,20,0
111.793000570964,72.203006369993,20,0
110.886598933023,71.780589429662,20,0
109.980197296013,71.3581724897959,20,0
109.073795659002,70.93575554993,20,0
108.16778172995,70.512525280007,20,0
107.268882352976,70.074370159768,20,0
106.369982976001,69.63621502975,20,0
105.471083599027,69.198059909977,20,0
104.572184222984,68.759904789739,20,0
103.673284846009,68.321749669966,20,0
102.774385469035,67.883594549727,20,0
101.875486091944,67.445439429954,20,0
100.976586714969,67.007284309715,20,0
100.077687337995,66.5691291796979,20,0
99.180528559024,66.1274807797749,20,0
98.289404685027,65.673720669933,20,0
97.398280811031,65.219960559625,20,0
96.507156935987,64.766200440005,20,0
95.61603306199,64.312440329697,20,0
94.724909187993,63.8586802198549,20,0
93.833785313997,63.404920099769,20,0
92.942661438953,62.951159989927,20,0
92.051537564956,62.4973998698409,20,0
91.160413690959,62.043639759999,20,0
90.27247645997,61.583754159976,20,0
89.389398967033,61.114526979626,20,0
88.506321475027,60.645299809985,20,0
87.623243981973,60.176072629635,20,0
86.740166489035,59.706845459994,20,0
85.857088995981,59.237618289888,20,0
84.974011503044,58.768391110003,20,0
84.09093400999,58.299163939897,20,0
83.207856516936,57.829936760012,20,0
82.324779023999,57.360709589906,20,0
81.446426109993,56.882774889935,20,0
80.571663431009,56.398223279976,20,0
79.696900752024,55.913671679795,20,0
78.82213807304,55.429120079615,20,0
77.947375393939,54.944568469655,20,0
77.072612714954,54.46001686994,20,0
76.197850037017,53.97546526976,20,0
75.323087358033,53.490913670045,20,0
74.448324678932,53.00636205962,20,0
73.573561999947,52.5218104599049,20,0
72.705152399023,52.026021860074,20,0
71.838970439975,51.526293119882,20,0
70.972788481042,51.026564379689,20,0
70.106606520946,50.526835639961,20,0
69.240424562013,50.027106899768,20,0
68.374242602964,49.5273781600409,20,0
67.508060642984,49.027649419848,20,0
66.641878683935,48.527920679655,20,0
65.775696725003,48.028191939928,20,0
64.909514765023,47.528463199735,20,0
64.051403568942,47.015022919979,20,0
63.194065626013,46.500268949662,20,0
62.336727682967,45.98551497981,20,0
61.479389740038,45.470761009958,20,0
60.622051796993,44.956007029861,20,0
59.764713853947,44.44125306001,20,0
58.907375911018,43.926499089692,20,0
58.050037967973,43.41174511984,20,0
57.192700025044,42.896991149988,20,0
56.336611773936,42.380220300053,20,0
55.494020250044,41.84166711988,20,0
54.651428726036,41.303113949951,20,0
53.808837202029,40.764560769778,20,0
52.966245678021,40.2260075998499,20,0
52.123654154013,39.687454419677,20,0
51.281062628958,39.1489012399689,20,0
50.43847110495,38.610348070041,20,0
49.602647830034,38.061393090058,20,0
48.768928818987,37.509204159957,20,0
47.93520980794,36.957015229855,20,0
47.10149079701,36.4048263099979,20,0
46.267771785963,35.852637379896,20,0
45.434052775032,35.300448449795,20,0
44.600333765033,34.7482595299369,20,0
43.770624122001,34.190122739878,20,0
42.945998272044,33.624444199726,20,0
42.121372421971,33.058765669819,20,0
41.296746572946,32.493087129668,20,0
40.472120722989,31.9274085899819,20,0
39.647494873032,31.3617300498299,20,0
38.822869024007,30.796051519923,20,0
37.999351316016,30.228785410058,20,0
37.184036868974,29.64976696996,20,0
36.368722421932,29.070748529863,20,0
35.553407975007,28.491730089765,20,0
34.738093527966,27.912711649668,20,0
33.92277908104,27.333693210036,20,0
33.107464633999,26.754674769938,20,0
32.292150186957,26.17565633962,20,0
31.48442982696,25.586126849987,20,0
30.67864256003,24.99392174976,20,0
29.872855292983,24.401716649998,20,0
29.067068025936,23.8095115497709,20,0
28.261280759005,23.21730645001,20,0
27.455493491958,22.625101349782,20,0
26.649706225028,22.0328962500209,20,0
25.848547467031,21.434499519877,20,0
25.052500635037,20.829264489934,20,0
24.256453803974,20.224029459991,20,0
23.460406973027,19.618794430048,20,0
22.664360141033,19.013559399639,20,0
21.86831330997,18.408324369695,20,0
21.072266479023,17.803089339752,20,0
20.277744882973,17.195881719701,20,0
19.491649164935,16.5777769400739,20,0
18.705553447944,15.959672159981,20,0
17.919457730023,15.341567379888,20,0
17.133362011984,14.723462590017,20,0
16.347266294994,14.1053578099239,20,0
15.561170576956,13.487253029831,20,0
14.775074859034,12.869148239959,20,0
13.997425067006,12.2404800499789,20,0
13.221488506999,11.609669100028,20,0
12.445551946992,10.978858150076,20,0
11.669615388033,10.3480471996589,20,0
10.893678828027,9.71723624970798,20,0
10.11774226802,9.086425299756,20,0
9.341805708013,8.45561434980493,20,0
8.57114933594201,7.81841530976794,20,0
7.805577290012,7.17506513977503,20,0
7.04000524396599,6.53171496978098,20,0
6.27443319698801,5.88836479978704,20,0
5.50886115094201,5.24501462979299,20,0
4.743289105012,4.60166445979894,20,0
3.97771705896599,3.958314289805,20,0
